n_train,n_classes,C,max_iter,seed,acc,xent,err
1,2,0.01,10000,0,0.5,inf,0.5
1,5,0.01,10000,0,0.2,inf,0.8
1,10,0.01,10000,0,0.1,inf,0.9
1,2,0.01,10000,1,0.5,inf,0.5
1,5,0.01,10000,1,0.2,inf,0.8
1,10,0.01,10000,1,0.1,inf,0.9
1,2,0.01,10000,2,0.5,inf,0.5
1,5,0.01,10000,2,0.2,inf,0.8
1,10,0.01,10000,2,0.1,inf,0.9
1,2,0.01,10000,3,0.5,inf,0.5
1,5,0.01,10000,3,0.2,inf,0.8
1,10,0.01,10000,3,0.1,inf,0.9
1,2,0.01,10000,4,0.5,inf,0.5
1,5,0.01,10000,4,0.2,inf,0.8
1,10,0.01,10000,4,0.1,inf,0.9
1,2,0.01,10000,5,0.5,inf,0.5
1,5,0.01,10000,5,0.2,inf,0.8
1,10,0.01,10000,5,0.1,inf,0.9
1,2,0.01,10000,6,0.5,inf,0.5
1,5,0.01,10000,6,0.2,inf,0.8
1,10,0.01,10000,6,0.1,inf,0.9
1,2,0.01,10000,7,0.5,inf,0.5
1,5,0.01,10000,7,0.2,inf,0.8
1,10,0.01,10000,7,0.1,inf,0.9
1,2,0.01,10000,8,0.5,inf,0.5
1,5,0.01,10000,8,0.2,inf,0.8
1,10,0.01,10000,8,0.1,inf,0.9
1,2,0.01,10000,9,0.5,inf,0.5
1,5,0.01,10000,9,0.2,inf,0.8
1,10,0.01,10000,9,0.1,inf,0.9
1,2,1.0,10000,0,0.5,inf,0.5
1,5,1.0,10000,0,0.2,inf,0.8
1,10,1.0,10000,0,0.1,inf,0.9
1,2,1.0,10000,1,0.5,inf,0.5
1,5,1.0,10000,1,0.2,inf,0.8
1,10,1.0,10000,1,0.1,inf,0.9
1,2,1.0,10000,2,0.5,inf,0.5
1,5,1.0,10000,2,0.2,inf,0.8
1,10,1.0,10000,2,0.1,inf,0.9
1,2,1.0,10000,3,0.5,inf,0.5
1,5,1.0,10000,3,0.2,inf,0.8
1,10,1.0,10000,3,0.1,inf,0.9
1,2,1.0,10000,4,0.5,inf,0.5
1,5,1.0,10000,4,0.2,inf,0.8
1,10,1.0,10000,4,0.1,inf,0.9
1,2,1.0,10000,5,0.5,inf,0.5
1,5,1.0,10000,5,0.2,inf,0.8
1,10,1.0,10000,5,0.1,inf,0.9
1,2,1.0,10000,6,0.5,inf,0.5
1,5,1.0,10000,6,0.2,inf,0.8
1,10,1.0,10000,6,0.1,inf,0.9
1,2,1.0,10000,7,0.5,inf,0.5
1,5,1.0,10000,7,0.2,inf,0.8
1,10,1.0,10000,7,0.1,inf,0.9
1,2,1.0,10000,8,0.5,inf,0.5
1,5,1.0,10000,8,0.2,inf,0.8
1,10,1.0,10000,8,0.1,inf,0.9
1,2,1.0,10000,9,0.5,inf,0.5
1,5,1.0,10000,9,0.2,inf,0.8
1,10,1.0,10000,9,0.1,inf,0.9
1,2,100.0,10000,0,0.5,inf,0.5
1,5,100.0,10000,0,0.2,inf,0.8
1,10,100.0,10000,0,0.1,inf,0.9
1,2,100.0,10000,1,0.5,inf,0.5
1,5,100.0,10000,1,0.2,inf,0.8
1,10,100.0,10000,1,0.1,inf,0.9
1,2,100.0,10000,2,0.5,inf,0.5
1,5,100.0,10000,2,0.2,inf,0.8
1,10,100.0,10000,2,0.1,inf,0.9
1,2,100.0,10000,3,0.5,inf,0.5
1,5,100.0,10000,3,0.2,inf,0.8
1,10,100.0,10000,3,0.1,inf,0.9
1,2,100.0,10000,4,0.5,inf,0.5
1,5,100.0,10000,4,0.2,inf,0.8
1,10,100.0,10000,4,0.1,inf,0.9
1,2,100.0,10000,5,0.5,inf,0.5
1,5,100.0,10000,5,0.2,inf,0.8
1,10,100.0,10000,5,0.1,inf,0.9
1,2,100.0,10000,6,0.5,inf,0.5
1,5,100.0,10000,6,0.2,inf,0.8
1,10,100.0,10000,6,0.1,inf,0.9
1,2,100.0,10000,7,0.5,inf,0.5
1,5,100.0,10000,7,0.2,inf,0.8
1,10,100.0,10000,7,0.1,inf,0.9
1,2,100.0,10000,8,0.5,inf,0.5
1,5,100.0,10000,8,0.2,inf,0.8
1,10,100.0,10000,8,0.1,inf,0.9
1,2,100.0,10000,9,0.5,inf,0.5
1,5,100.0,10000,9,0.2,inf,0.8
1,10,100.0,10000,9,0.1,inf,0.9
2,2,0.01,10000,0,0.9335,0.16312092806632358,0.0665
2,5,0.01,10000,0,0.2518,inf,0.7482
2,10,0.01,10000,0,0.1998,inf,0.8002
2,2,0.01,10000,1,0.755,0.4283511314524725,0.245
2,5,0.01,10000,1,0.3924,inf,0.6075999999999999
2,10,0.01,10000,1,0.1959,inf,0.8041
2,2,0.01,10000,2,0.5,inf,0.5
2,5,0.01,10000,2,0.3962,inf,0.6038
2,10,0.01,10000,2,0.1256,inf,0.8744000000000001
2,2,0.01,10000,3,0.5,inf,0.5
2,5,0.01,10000,3,0.3598,inf,0.6402
2,10,0.01,10000,3,0.1265,inf,0.8734999999999999
2,2,0.01,10000,4,0.9105,0.2002871403609858,0.08950000000000002
2,5,0.01,10000,4,0.3024,inf,0.6976
2,10,0.01,10000,4,0.1979,inf,0.8021
2,2,0.01,10000,5,0.5,inf,0.5
2,5,0.01,10000,5,0.3488,inf,0.6512
2,10,0.01,10000,5,0.1972,inf,0.8028
2,2,0.01,10000,6,0.7145,0.5082172268949321,0.2855
2,5,0.01,10000,6,0.3874,inf,0.6126
2,10,0.01,10000,6,0.1912,inf,0.8088
2,2,0.01,10000,7,0.809,0.4130242690400672,0.19099999999999995
2,5,0.01,10000,7,0.3792,inf,0.6208
2,10,0.01,10000,7,0.1514,inf,0.8486
2,2,0.01,10000,8,0.813,0.3899917010154831,0.18700000000000006
2,5,0.01,10000,8,0.2,inf,0.8
2,10,0.01,10000,8,0.1,inf,0.9
2,2,0.01,10000,9,0.8885,0.25666572687158773,0.11150000000000004
2,5,0.01,10000,9,0.2,inf,0.8
2,10,0.01,10000,9,0.1678,inf,0.8322
2,2,1.0,10000,0,0.5,inf,0.5
2,5,1.0,10000,0,0.3764,inf,0.6235999999999999
2,10,1.0,10000,0,0.1733,inf,0.8267
2,2,1.0,10000,1,0.904,0.2166530725115191,0.09599999999999997
2,5,1.0,10000,1,0.2,inf,0.8
2,10,1.0,10000,1,0.1583,inf,0.8417
2,2,1.0,10000,2,0.822,0.37679798635752276,0.17800000000000005
2,5,1.0,10000,2,0.2,inf,0.8
2,10,1.0,10000,2,0.1687,inf,0.8313
2,2,1.0,10000,3,0.9555,0.10760494843782667,0.044499999999999984
2,5,1.0,10000,3,0.3894,inf,0.6106
2,10,1.0,10000,3,0.176,inf,0.8240000000000001
2,2,1.0,10000,4,0.5,inf,0.5
2,5,1.0,10000,4,0.3372,inf,0.6628000000000001
2,10,1.0,10000,4,0.1973,inf,0.8027
2,2,1.0,10000,5,0.8715,0.27552875951947897,0.12849999999999995
2,5,1.0,10000,5,0.3544,inf,0.6456
2,10,1.0,10000,5,0.1203,inf,0.8797
2,2,1.0,10000,6,0.5,inf,0.5
2,5,1.0,10000,6,0.2,inf,0.8
2,10,1.0,10000,6,0.1386,inf,0.8613999999999999
2,2,1.0,10000,7,0.6105,0.6100747379113959,0.38949999999999996
2,5,1.0,10000,7,0.2424,inf,0.7576
2,10,1.0,10000,7,0.1944,inf,0.8056
2,2,1.0,10000,8,0.5,inf,0.5
2,5,1.0,10000,8,0.3904,inf,0.6095999999999999
2,10,1.0,10000,8,0.1799,inf,0.8201
2,2,1.0,10000,9,0.941,0.14140598947108104,0.05900000000000005
2,5,1.0,10000,9,0.3178,inf,0.6821999999999999
2,10,1.0,10000,9,0.1989,inf,0.8011
2,2,100.0,10000,0,0.5,inf,0.5
2,5,100.0,10000,0,0.389,inf,0.611
2,10,100.0,10000,0,0.1861,inf,0.8139000000000001
2,2,100.0,10000,1,0.744,0.4136170535731783,0.256
2,5,100.0,10000,1,0.217,inf,0.783
2,10,100.0,10000,1,0.1,inf,0.9
2,2,100.0,10000,2,0.797,0.36992859632452685,0.20299999999999996
2,5,100.0,10000,2,0.3966,inf,0.6033999999999999
2,10,100.0,10000,2,0.1972,inf,0.8028
2,2,100.0,10000,3,0.5,inf,0.5
2,5,100.0,10000,3,0.3054,inf,0.6946
2,10,100.0,10000,3,0.197,inf,0.8029999999999999
2,2,100.0,10000,4,0.887,0.2426927140933625,0.11299999999999999
2,5,100.0,10000,4,0.2,inf,0.8
2,10,100.0,10000,4,0.1813,inf,0.8187
2,2,100.0,10000,5,0.5,inf,0.5
2,5,100.0,10000,5,0.2,inf,0.8
2,10,100.0,10000,5,0.1857,inf,0.8143
2,2,100.0,10000,6,0.7605,0.41028521722047584,0.23950000000000005
2,5,100.0,10000,6,0.2,inf,0.8
2,10,100.0,10000,6,0.1737,inf,0.8263
2,2,100.0,10000,7,0.5,inf,0.5
2,5,100.0,10000,7,0.383,inf,0.617
2,10,100.0,10000,7,0.1941,inf,0.8059000000000001
2,2,100.0,10000,8,0.872,0.30795780692770636,0.128
2,5,100.0,10000,8,0.391,inf,0.609
2,10,100.0,10000,8,0.1,inf,0.9
2,2,100.0,10000,9,0.723,0.4866931697306949,0.277
2,5,100.0,10000,9,0.2,inf,0.8
2,10,100.0,10000,9,0.1845,inf,0.8155
3,2,0.01,10000,0,0.5,0.625521202278999,0.5
3,5,0.01,10000,0,0.2034,inf,0.7966
3,10,0.01,10000,0,0.2756,inf,0.7243999999999999
3,2,0.01,10000,1,0.5,inf,0.5
3,5,0.01,10000,1,0.2014,inf,0.7986
3,10,0.01,10000,1,0.1,inf,0.9
3,2,0.01,10000,2,0.5,inf,0.5
3,5,0.01,10000,2,0.553,inf,0.44699999999999995
3,10,0.01,10000,2,0.2797,inf,0.7202999999999999
3,2,0.01,10000,3,0.5,0.6546189047314689,0.5
3,5,0.01,10000,3,0.2,inf,0.8
3,10,0.01,10000,3,0.2737,inf,0.7263
3,2,0.01,10000,4,0.5,0.6638012506370465,0.5
3,5,0.01,10000,4,0.2,inf,0.8
3,10,0.01,10000,4,0.1952,inf,0.8048
3,2,0.01,10000,5,0.5,inf,0.5
3,5,0.01,10000,5,0.2044,inf,0.7956
3,10,0.01,10000,5,0.2658,inf,0.7342
3,2,0.01,10000,6,0.501,0.6288128184334613,0.499
3,5,0.01,10000,6,0.412,inf,0.5880000000000001
3,10,0.01,10000,6,0.2771,inf,0.7229
3,2,0.01,10000,7,0.5,inf,0.5
3,5,0.01,10000,7,0.2,inf,0.8
3,10,0.01,10000,7,0.1739,inf,0.8261000000000001
3,2,0.01,10000,8,0.5015,0.6513397002307404,0.49850000000000005
3,5,0.01,10000,8,0.2,inf,0.8
3,10,0.01,10000,8,0.2285,inf,0.7715
3,2,0.01,10000,9,0.501,0.6595583717030644,0.499
3,5,0.01,10000,9,0.3928,inf,0.6072
3,10,0.01,10000,9,0.1013,inf,0.8987
3,2,1.0,10000,0,0.5,inf,0.5
3,5,1.0,10000,0,0.4312,inf,0.5688
3,10,1.0,10000,0,0.2627,inf,0.7373000000000001
3,2,1.0,10000,1,0.8275,0.3133099806646075,0.1725
3,5,1.0,10000,1,0.2592,inf,0.7408
3,10,1.0,10000,1,0.2884,inf,0.7116
3,2,1.0,10000,2,0.751,0.40940503797367706,0.249
3,5,1.0,10000,2,0.3832,inf,0.6168
3,10,1.0,10000,2,0.1622,inf,0.8378
3,2,1.0,10000,3,0.8465,0.29224428759650106,0.15349999999999997
3,5,1.0,10000,3,0.3524,inf,0.6476
3,10,1.0,10000,3,0.2405,inf,0.7595000000000001
3,2,1.0,10000,4,0.68,0.5144626534327895,0.31999999999999995
3,5,1.0,10000,4,0.5626,inf,0.4374
3,10,1.0,10000,4,0.27,inf,0.73
3,2,1.0,10000,5,0.6795,0.4827015908697924,0.3205
3,5,1.0,10000,5,0.3762,inf,0.6238
3,10,1.0,10000,5,0.2846,inf,0.7154
3,2,1.0,10000,6,0.7975,0.36581378057099495,0.2025
3,5,1.0,10000,6,0.334,inf,0.6659999999999999
3,10,1.0,10000,6,0.1917,inf,0.8083
3,2,1.0,10000,7,0.5715,0.6033057609514015,0.4285
3,5,1.0,10000,7,0.4378,inf,0.5622
3,10,1.0,10000,7,0.1461,inf,0.8539
3,2,1.0,10000,8,0.5705,0.5820088488306738,0.4295
3,5,1.0,10000,8,0.2366,inf,0.7634
3,10,1.0,10000,8,0.1653,inf,0.8347
3,2,1.0,10000,9,0.695,0.46388599486732873,0.30500000000000005
3,5,1.0,10000,9,0.3664,inf,0.6335999999999999
3,10,1.0,10000,9,0.1075,inf,0.8925
3,2,100.0,10000,0,0.5,inf,0.5
3,5,100.0,10000,0,0.483,inf,0.517
3,10,100.0,10000,0,0.2343,inf,0.7657
3,2,100.0,10000,1,0.816,0.3607204500392482,0.18400000000000005
3,5,100.0,10000,1,0.4284,inf,0.5716
3,10,100.0,10000,1,0.2798,inf,0.7202
3,2,100.0,10000,2,0.549,0.5893129298340353,0.45099999999999996
3,5,100.0,10000,2,0.3058,inf,0.6941999999999999
3,10,100.0,10000,2,0.147,inf,0.853
3,2,100.0,10000,3,0.945,0.14484727442591236,0.05500000000000005
3,5,100.0,10000,3,0.3634,inf,0.6366
3,10,100.0,10000,3,0.2212,inf,0.7787999999999999
3,2,100.0,10000,4,0.5,inf,0.5
3,5,100.0,10000,4,0.3262,inf,0.6738
3,10,100.0,10000,4,0.2959,inf,0.7041
3,2,100.0,10000,5,0.5,inf,0.5
3,5,100.0,10000,5,0.5732,inf,0.42679999999999996
3,10,100.0,10000,5,0.1972,inf,0.8028
3,2,100.0,10000,6,0.656,0.49450072658665767,0.344
3,5,100.0,10000,6,0.4628,inf,0.5372
3,10,100.0,10000,6,0.1984,inf,0.8016
3,2,100.0,10000,7,0.812,0.36889571653825964,0.18799999999999994
3,5,100.0,10000,7,0.5462,inf,0.4538
3,10,100.0,10000,7,0.2182,inf,0.7818
3,2,100.0,10000,8,0.9105,0.2102474074403844,0.08950000000000002
3,5,100.0,10000,8,0.3548,inf,0.6452
3,10,100.0,10000,8,0.2594,inf,0.7405999999999999
3,2,100.0,10000,9,0.7345,0.4690350630071394,0.26549999999999996
3,5,100.0,10000,9,0.5678,inf,0.43220000000000003
3,10,100.0,10000,9,0.1,inf,0.9
4,2,0.01,10000,0,0.5,0.6789914690296791,0.5
4,5,0.01,10000,0,0.2002,inf,0.7998000000000001
4,10,0.01,10000,0,0.3035,inf,0.6965
4,2,0.01,10000,1,0.5,0.6824699176939618,0.5
4,5,0.01,10000,1,0.2042,inf,0.7958000000000001
4,10,0.01,10000,1,0.367,inf,0.633
4,2,0.01,10000,2,0.5,0.6699754172345453,0.5
4,5,0.01,10000,2,0.399,inf,0.601
4,10,0.01,10000,2,0.3296,inf,0.6704
4,2,0.01,10000,3,0.916,0.19449202420950593,0.08399999999999996
4,5,0.01,10000,3,0.5832,inf,0.41679999999999995
4,10,0.01,10000,3,0.1002,inf,0.8998
4,2,0.01,10000,4,0.976,0.05772279265764268,0.02400000000000002
4,5,0.01,10000,4,0.2024,inf,0.7976
4,10,0.01,10000,4,0.1,inf,0.9
4,2,0.01,10000,5,0.5,0.6748999679052156,0.5
4,5,0.01,10000,5,0.2,inf,0.8
4,10,0.01,10000,5,0.1,inf,0.9
4,2,0.01,10000,6,0.8875,0.22892960632958018,0.11250000000000004
4,5,0.01,10000,6,0.2006,inf,0.7994
4,10,0.01,10000,6,0.2988,inf,0.7012
4,2,0.01,10000,7,0.755,0.43048638042947446,0.245
4,5,0.01,10000,7,0.2,inf,0.8
4,10,0.01,10000,7,0.3389,inf,0.6611
4,2,0.01,10000,8,0.9025,0.2106341157544826,0.09750000000000003
4,5,0.01,10000,8,0.2,inf,0.8
4,10,0.01,10000,8,0.1045,inf,0.8955
4,2,0.01,10000,9,0.5,0.6736989123245614,0.5
4,5,0.01,10000,9,0.2,inf,0.8
4,10,0.01,10000,9,0.1042,inf,0.8958
4,2,1.0,10000,0,0.965,0.1009434700507841,0.03500000000000003
4,5,1.0,10000,0,0.5602,inf,0.43979999999999997
4,10,1.0,10000,0,0.2625,inf,0.7375
4,2,1.0,10000,1,0.5165,0.628193375264264,0.48350000000000004
4,5,1.0,10000,1,0.4478,inf,0.5522
4,10,1.0,10000,1,0.3393,inf,0.6607000000000001
4,2,1.0,10000,2,0.99,0.026090298974372282,0.010000000000000009
4,5,1.0,10000,2,0.5722,inf,0.42779999999999996
4,10,1.0,10000,2,0.2184,inf,0.7816
4,2,1.0,10000,3,0.6335,0.47318991875248567,0.36650000000000005
4,5,1.0,10000,3,0.633,inf,0.367
4,10,1.0,10000,3,0.2391,inf,0.7609
4,2,1.0,10000,4,0.529,0.6266049141951028,0.471
4,5,1.0,10000,4,0.4684,inf,0.5316000000000001
4,10,1.0,10000,4,0.2402,inf,0.7598
4,2,1.0,10000,5,0.6545,0.4904151124487612,0.34550000000000003
4,5,1.0,10000,5,0.4038,inf,0.5962000000000001
4,10,1.0,10000,5,0.2889,inf,0.7111000000000001
4,2,1.0,10000,6,0.5,inf,0.5
4,5,1.0,10000,6,0.5256,inf,0.47440000000000004
4,10,1.0,10000,6,0.3451,inf,0.6549
4,2,1.0,10000,7,0.962,0.08710644289867428,0.038000000000000034
4,5,1.0,10000,7,0.54,inf,0.45999999999999996
4,10,1.0,10000,7,0.1899,inf,0.8101
4,2,1.0,10000,8,0.5,inf,0.5
4,5,1.0,10000,8,0.3168,inf,0.6832
4,10,1.0,10000,8,0.2416,inf,0.7584
4,2,1.0,10000,9,0.9775,0.05766512756420852,0.022499999999999964
4,5,1.0,10000,9,0.4602,inf,0.5398000000000001
4,10,1.0,10000,9,0.2747,inf,0.7253000000000001
4,2,100.0,10000,0,0.759,0.39125846524646013,0.241
4,5,100.0,10000,0,0.5948,inf,0.4052
4,10,100.0,10000,0,0.3327,inf,0.6673
4,2,100.0,10000,1,0.986,0.0376927005124554,0.014000000000000012
4,5,100.0,10000,1,0.706,inf,0.29400000000000004
4,10,100.0,10000,1,0.3489,inf,0.6511
4,2,100.0,10000,2,0.9245,0.20352766158996002,0.07550000000000001
4,5,100.0,10000,2,0.331,inf,0.669
4,10,100.0,10000,2,0.3551,inf,0.6449
4,2,100.0,10000,3,0.9605,0.0954567852776063,0.03949999999999998
4,5,100.0,10000,3,0.5704,inf,0.4296
4,10,100.0,10000,3,0.3641,inf,0.6359
4,2,100.0,10000,4,0.5,inf,0.5
4,5,100.0,10000,4,0.2996,inf,0.7004
4,10,100.0,10000,4,0.3228,inf,0.6772
4,2,100.0,10000,5,0.7165,0.4354664697156823,0.2835
4,5,100.0,10000,5,0.3962,inf,0.6038
4,10,100.0,10000,5,0.2914,inf,0.7086
4,2,100.0,10000,6,0.8125,0.38786601489238604,0.1875
4,5,100.0,10000,6,0.488,inf,0.512
4,10,100.0,10000,6,0.3397,inf,0.6603
4,2,100.0,10000,7,0.9855,0.038109274713323135,0.014499999999999957
4,5,100.0,10000,7,0.4884,inf,0.5116
4,10,100.0,10000,7,0.2781,inf,0.7219
4,2,100.0,10000,8,0.733,0.4304070564625016,0.267
4,5,100.0,10000,8,0.3902,inf,0.6098
4,10,100.0,10000,8,0.2719,inf,0.7281
4,2,100.0,10000,9,0.945,0.1397619975628541,0.05500000000000005
4,5,100.0,10000,9,0.467,inf,0.5329999999999999
4,10,100.0,10000,9,0.3304,inf,0.6696
5,2,0.01,10000,0,0.593,0.5202734392471987,0.40700000000000003
5,5,0.01,10000,0,0.384,inf,0.616
5,10,0.01,10000,0,0.1069,inf,0.8931
5,2,0.01,10000,1,0.5,0.6700413078338597,0.5
5,5,0.01,10000,1,0.223,inf,0.777
5,10,0.01,10000,1,0.3701,inf,0.6299
5,2,0.01,10000,2,0.7395,0.42286464277878766,0.26049999999999995
5,5,0.01,10000,2,0.2204,inf,0.7796
5,10,0.01,10000,2,0.1001,inf,0.8999
5,2,0.01,10000,3,0.5,0.6750331594017523,0.5
5,5,0.01,10000,3,0.3868,inf,0.6132
5,10,0.01,10000,3,0.3425,inf,0.6575
5,2,0.01,10000,4,0.5785,0.5380968890453955,0.4215
5,5,0.01,10000,4,0.3668,inf,0.6332
5,10,0.01,10000,4,0.1061,inf,0.8939
5,2,0.01,10000,5,0.5,0.6703791382452186,0.5
5,5,0.01,10000,5,0.2114,inf,0.7886
5,10,0.01,10000,5,0.3975,inf,0.6025
5,2,0.01,10000,6,0.604,0.4975003739242038,0.396
5,5,0.01,10000,6,0.3978,inf,0.6022000000000001
5,10,0.01,10000,6,0.4334,inf,0.5666
5,2,0.01,10000,7,0.756,0.41110153622719153,0.244
5,5,0.01,10000,7,0.7738,0.7514421338442416,0.22619999999999996
5,10,0.01,10000,7,0.4459,inf,0.5541
5,2,0.01,10000,8,0.5,0.6764644711817498,0.5
5,5,0.01,10000,8,0.2702,inf,0.7298
5,10,0.01,10000,8,0.1,inf,0.9
5,2,0.01,10000,9,0.679,0.4542650845264494,0.32099999999999995
5,5,0.01,10000,9,0.3904,inf,0.6095999999999999
5,10,0.01,10000,9,0.1,inf,0.9
5,2,1.0,10000,0,0.597,0.5810143539178384,0.403
5,5,1.0,10000,0,0.5356,inf,0.46440000000000003
5,10,1.0,10000,0,0.3525,inf,0.6475
5,2,1.0,10000,1,0.9105,0.19062716849580294,0.08950000000000002
5,5,1.0,10000,1,0.4498,inf,0.5502
5,10,1.0,10000,1,0.2082,inf,0.7918000000000001
5,2,1.0,10000,2,0.597,0.5379050777076706,0.403
5,5,1.0,10000,2,0.5496,inf,0.4504
5,10,1.0,10000,2,0.3286,inf,0.6714
5,2,1.0,10000,3,0.9235,0.18127598398234449,0.07650000000000001
5,5,1.0,10000,3,0.3308,inf,0.6692
5,10,1.0,10000,3,0.2312,inf,0.7688
5,2,1.0,10000,4,0.54,0.608624856484448,0.45999999999999996
5,5,1.0,10000,4,0.5752,inf,0.42479999999999996
5,10,1.0,10000,4,0.3772,inf,0.6228
5,2,1.0,10000,5,0.742,0.43397777401560345,0.258
5,5,1.0,10000,5,0.3254,inf,0.6746
5,10,1.0,10000,5,0.3212,inf,0.6788000000000001
5,2,1.0,10000,6,0.5615,0.5765834306220351,0.4385
5,5,1.0,10000,6,0.4702,inf,0.5298
5,10,1.0,10000,6,0.3483,inf,0.6517
5,2,1.0,10000,7,0.932,0.1522494727162832,0.06799999999999995
5,5,1.0,10000,7,0.4834,inf,0.5166
5,10,1.0,10000,7,0.2765,inf,0.7235
5,2,1.0,10000,8,0.99,0.028596137941949592,0.010000000000000009
5,5,1.0,10000,8,0.5446,inf,0.4554
5,10,1.0,10000,8,0.2874,inf,0.7126
5,2,1.0,10000,9,0.7815,0.36115652114537056,0.21850000000000003
5,5,1.0,10000,9,0.5806,inf,0.4194
5,10,1.0,10000,9,0.3513,inf,0.6487
5,2,100.0,10000,0,0.816,0.3265276561114552,0.18400000000000005
5,5,100.0,10000,0,0.5484,inf,0.4516
5,10,100.0,10000,0,0.4061,inf,0.5939
5,2,100.0,10000,1,0.739,0.42882571067227515,0.261
5,5,100.0,10000,1,0.4564,inf,0.5436000000000001
5,10,100.0,10000,1,0.3401,inf,0.6598999999999999
5,2,100.0,10000,2,0.9185,0.19969325697600282,0.08150000000000002
5,5,100.0,10000,2,0.3288,inf,0.6712
5,10,100.0,10000,2,0.2071,inf,0.7928999999999999
5,2,100.0,10000,3,0.967,0.07197088943701287,0.03300000000000003
5,5,100.0,10000,3,0.7102,inf,0.28979999999999995
5,10,100.0,10000,3,0.2753,inf,0.7247
5,2,100.0,10000,4,0.74,0.4177821132554281,0.26
5,5,100.0,10000,4,0.5828,inf,0.4172
5,10,100.0,10000,4,0.3816,inf,0.6184000000000001
5,2,100.0,10000,5,0.99,0.03059302269707839,0.010000000000000009
5,5,100.0,10000,5,0.5292,inf,0.4708
5,10,100.0,10000,5,0.2564,inf,0.7436
5,2,100.0,10000,6,0.9905,0.024660612100301505,0.009499999999999953
5,5,100.0,10000,6,0.5088,inf,0.49119999999999997
5,10,100.0,10000,6,0.2649,inf,0.7351
5,2,100.0,10000,7,0.9875,0.03251970746755771,0.012499999999999956
5,5,100.0,10000,7,0.3822,inf,0.6178
5,10,100.0,10000,7,0.3392,inf,0.6608
5,2,100.0,10000,8,0.6625,0.4593629308766333,0.3375
5,5,100.0,10000,8,0.3552,inf,0.6448
5,10,100.0,10000,8,0.3092,inf,0.6908000000000001
5,2,100.0,10000,9,0.972,0.08903920076948357,0.028000000000000025
5,5,100.0,10000,9,0.3762,inf,0.6238
5,10,100.0,10000,9,0.3419,inf,0.6581
6,2,0.01,10000,0,0.5,0.6784178540938716,0.5
6,5,0.01,10000,0,0.2,inf,0.8
6,10,0.01,10000,0,0.1119,inf,0.8881
6,2,0.01,10000,1,0.5055,0.5721569911382504,0.49450000000000005
6,5,0.01,10000,1,0.343,inf,0.657
6,10,0.01,10000,1,0.4676,inf,0.5324
6,2,0.01,10000,2,0.555,0.5217268737794815,0.44499999999999995
6,5,0.01,10000,2,0.2982,inf,0.7018
6,10,0.01,10000,2,0.1011,inf,0.8989
6,2,0.01,10000,3,0.5,0.6685055697351059,0.5
6,5,0.01,10000,3,0.3368,inf,0.6632
6,10,0.01,10000,3,0.1951,inf,0.8049
6,2,0.01,10000,4,0.547,0.5212461134277423,0.45299999999999996
6,5,0.01,10000,4,0.2002,inf,0.7998000000000001
6,10,0.01,10000,4,0.1994,inf,0.8006
6,2,0.01,10000,5,0.531,0.6011610933548097,0.469
6,5,0.01,10000,5,0.2,inf,0.8
6,10,0.01,10000,5,0.1992,inf,0.8008
6,2,0.01,10000,6,0.5635,0.5978866114332959,0.4365
6,5,0.01,10000,6,0.2,inf,0.8
6,10,0.01,10000,6,0.1022,inf,0.8978
6,2,0.01,10000,7,0.5,0.6832330843497452,0.5
6,5,0.01,10000,7,0.212,1.437825213725473,0.788
6,10,0.01,10000,7,0.1068,inf,0.8932
6,2,0.01,10000,8,0.5,0.6747755712617964,0.5
6,5,0.01,10000,8,0.3438,inf,0.6562
6,10,0.01,10000,8,0.1202,inf,0.8798
6,2,0.01,10000,9,0.9275,0.15455631527968908,0.07250000000000001
6,5,0.01,10000,9,0.2,inf,0.8
6,10,0.01,10000,9,0.4118,inf,0.5882000000000001
6,2,1.0,10000,0,0.96,0.10407173743137173,0.040000000000000036
6,5,1.0,10000,0,0.6756,0.9892254480724556,0.3244
6,10,1.0,10000,0,0.3155,inf,0.6845
6,2,1.0,10000,1,0.963,0.09154695437474743,0.03700000000000003
6,5,1.0,10000,1,0.7016,inf,0.2984
6,10,1.0,10000,1,0.2503,inf,0.7497
6,2,1.0,10000,2,0.88,0.24633218707693214,0.12
6,5,1.0,10000,2,0.4884,inf,0.5116
6,10,1.0,10000,2,0.3368,inf,0.6632
6,2,1.0,10000,3,0.661,0.4926565302602469,0.33899999999999997
6,5,1.0,10000,3,0.5212,inf,0.4788
6,10,1.0,10000,3,0.4751,inf,0.5248999999999999
6,2,1.0,10000,4,0.907,0.22321249923495098,0.09299999999999997
6,5,1.0,10000,4,0.4672,inf,0.5327999999999999
6,10,1.0,10000,4,0.3471,inf,0.6529
6,2,1.0,10000,5,0.984,0.04991712492715509,0.016000000000000014
6,5,1.0,10000,5,0.6466,0.8783322606954101,0.35340000000000005
6,10,1.0,10000,5,0.2052,inf,0.7948
6,2,1.0,10000,6,0.5085,0.6280910896846315,0.49150000000000005
6,5,1.0,10000,6,0.5826,inf,0.4174
6,10,1.0,10000,6,0.3777,inf,0.6223000000000001
6,2,1.0,10000,7,0.9895,0.029236840278223018,0.010499999999999954
6,5,1.0,10000,7,0.5404,inf,0.4596
6,10,1.0,10000,7,0.4632,inf,0.5367999999999999
6,2,1.0,10000,8,0.7285,0.4294082040233419,0.27149999999999996
6,5,1.0,10000,8,0.502,inf,0.498
6,10,1.0,10000,8,0.4931,inf,0.5069
6,2,1.0,10000,9,0.5575,0.555035500903508,0.4425
6,5,1.0,10000,9,0.4572,inf,0.5428
6,10,1.0,10000,9,0.3444,inf,0.6556
6,2,100.0,10000,0,0.6175,0.49965518917554735,0.38249999999999995
6,5,100.0,10000,0,0.4804,inf,0.5196000000000001
6,10,100.0,10000,0,0.4997,inf,0.5003
6,2,100.0,10000,1,0.519,0.6584557465814801,0.481
6,5,100.0,10000,1,0.5904,inf,0.40959999999999996
6,10,100.0,10000,1,0.3408,inf,0.6592
6,2,100.0,10000,2,0.9615,0.10117553685464943,0.03849999999999998
6,5,100.0,10000,2,0.7256,inf,0.2744
6,10,100.0,10000,2,0.3765,inf,0.6234999999999999
6,2,100.0,10000,3,0.8025,0.3986396769933416,0.1975
6,5,100.0,10000,3,0.4664,inf,0.5336000000000001
6,10,100.0,10000,3,0.352,inf,0.648
6,2,100.0,10000,4,0.984,0.042567009723448235,0.016000000000000014
6,5,100.0,10000,4,0.563,inf,0.43700000000000006
6,10,100.0,10000,4,0.3821,inf,0.6179
6,2,100.0,10000,5,0.9095,0.2086838844436184,0.09050000000000002
6,5,100.0,10000,5,0.7694,0.5518507680080804,0.23060000000000003
6,10,100.0,10000,5,0.4131,inf,0.5869
6,2,100.0,10000,6,0.905,0.19380025288973246,0.09499999999999997
6,5,100.0,10000,6,0.8188,0.4813768484220605,0.18120000000000003
6,10,100.0,10000,6,0.3016,inf,0.6984
6,2,100.0,10000,7,0.985,0.04853228422806815,0.015000000000000013
6,5,100.0,10000,7,0.4796,inf,0.5204
6,10,100.0,10000,7,0.229,inf,0.771
6,2,100.0,10000,8,0.967,0.08625167899590216,0.03300000000000003
6,5,100.0,10000,8,0.7006,inf,0.2994
6,10,100.0,10000,8,0.4468,inf,0.5532
6,2,100.0,10000,9,0.977,0.04882702817078943,0.02300000000000002
6,5,100.0,10000,9,0.348,inf,0.652
6,10,100.0,10000,9,0.267,inf,0.733
7,2,0.01,10000,0,0.5,0.6776776290863485,0.5
7,5,0.01,10000,0,0.3904,1.4173890694313735,0.6095999999999999
7,10,0.01,10000,0,0.1986,inf,0.8014
7,2,0.01,10000,1,0.9515,0.12576347150519093,0.04849999999999999
7,5,0.01,10000,1,0.3682,1.4657366829693537,0.6317999999999999
7,10,0.01,10000,1,0.2038,inf,0.7962
7,2,0.01,10000,2,0.932,0.14653936429902403,0.06799999999999995
7,5,0.01,10000,2,0.5182,inf,0.4818
7,10,0.01,10000,2,0.1973,inf,0.8027
7,2,0.01,10000,3,0.54,0.5403736905534379,0.45999999999999996
7,5,0.01,10000,3,0.3968,1.3672974729255267,0.6032
7,10,0.01,10000,3,0.1184,inf,0.8815999999999999
7,2,0.01,10000,4,0.5,0.6843360688959943,0.5
7,5,0.01,10000,4,0.563,inf,0.43700000000000006
7,10,0.01,10000,4,0.1309,inf,0.8691
7,2,0.01,10000,5,0.5,0.6784758168475757,0.5
7,5,0.01,10000,5,0.387,1.4174057224966976,0.613
7,10,0.01,10000,5,0.197,inf,0.8029999999999999
7,2,0.01,10000,6,0.5,0.591269541605234,0.5
7,5,0.01,10000,6,0.5812,inf,0.41879999999999995
7,10,0.01,10000,6,0.1427,inf,0.8573
7,2,0.01,10000,7,0.5,inf,0.5
7,5,0.01,10000,7,0.3208,inf,0.6792
7,10,0.01,10000,7,0.2852,inf,0.7148
7,2,0.01,10000,8,0.5075,0.6329884712838507,0.49250000000000005
7,5,0.01,10000,8,0.2734,inf,0.7266
7,10,0.01,10000,8,0.2684,inf,0.7316
7,2,0.01,10000,9,0.8925,0.24126771856283727,0.10750000000000004
7,5,0.01,10000,9,0.3932,inf,0.6068
7,10,0.01,10000,9,0.1766,inf,0.8234
7,2,1.0,10000,0,0.935,0.15722842077787624,0.06499999999999995
7,5,1.0,10000,0,0.3736,inf,0.6264000000000001
7,10,1.0,10000,0,0.4752,inf,0.5247999999999999
7,2,1.0,10000,1,0.9685,0.07835008643613317,0.03149999999999997
7,5,1.0,10000,1,0.6554,0.8160983146567411,0.3446
7,10,1.0,10000,1,0.3383,inf,0.6617
7,2,1.0,10000,2,0.713,0.4499764294419182,0.28700000000000003
7,5,1.0,10000,2,0.5234,inf,0.4766
7,10,1.0,10000,2,0.3119,inf,0.6880999999999999
7,2,1.0,10000,3,0.951,0.11421594722620512,0.049000000000000044
7,5,1.0,10000,3,0.527,inf,0.473
7,10,1.0,10000,3,0.3231,inf,0.6769000000000001
7,2,1.0,10000,4,0.821,0.3380659167583185,0.17900000000000005
7,5,1.0,10000,4,0.4086,inf,0.5913999999999999
7,10,1.0,10000,4,0.3235,inf,0.6765
7,2,1.0,10000,5,0.515,0.6296944951662069,0.485
7,5,1.0,10000,5,0.541,inf,0.45899999999999996
7,10,1.0,10000,5,0.303,inf,0.6970000000000001
7,2,1.0,10000,6,0.9135,0.20156178027312052,0.08650000000000002
7,5,1.0,10000,6,0.687,inf,0.31299999999999994
7,10,1.0,10000,6,0.4036,inf,0.5964
7,2,1.0,10000,7,0.9905,0.022425930696920938,0.009499999999999953
7,5,1.0,10000,7,0.4276,inf,0.5724
7,10,1.0,10000,7,0.229,inf,0.771
7,2,1.0,10000,8,0.967,0.08871618924340029,0.03300000000000003
7,5,1.0,10000,8,0.5908,inf,0.4092
7,10,1.0,10000,8,0.3187,inf,0.6813
7,2,1.0,10000,9,0.983,0.038424340881348995,0.017000000000000015
7,5,1.0,10000,9,0.4982,inf,0.5018
7,10,1.0,10000,9,0.3244,inf,0.6756
7,2,100.0,10000,0,0.825,0.3392971377012658,0.17500000000000004
7,5,100.0,10000,0,0.5704,inf,0.4296
7,10,100.0,10000,0,0.3464,inf,0.6536
7,2,100.0,10000,1,0.906,0.2112897225636999,0.09399999999999997
7,5,100.0,10000,1,0.7088,inf,0.2912
7,10,100.0,10000,1,0.4133,inf,0.5867
7,2,100.0,10000,2,0.8085,0.3476429101789742,0.1915
7,5,100.0,10000,2,0.632,inf,0.368
7,10,100.0,10000,2,0.3777,inf,0.6223000000000001
7,2,100.0,10000,3,0.953,0.11052095479764329,0.04700000000000004
7,5,100.0,10000,3,0.6312,inf,0.3688
7,10,100.0,10000,3,0.3601,inf,0.6399
7,2,100.0,10000,4,0.8785,0.26337373076232884,0.12150000000000005
7,5,100.0,10000,4,0.4284,inf,0.5716
7,10,100.0,10000,4,0.331,inf,0.669
7,2,100.0,10000,5,0.8675,0.25333949614835405,0.13249999999999995
7,5,100.0,10000,5,0.6156,inf,0.38439999999999996
7,10,100.0,10000,5,0.3763,inf,0.6236999999999999
7,2,100.0,10000,6,0.946,0.14585016653335328,0.05400000000000005
7,5,100.0,10000,6,0.707,0.8136362174834663,0.29300000000000004
7,10,100.0,10000,6,0.4371,inf,0.5629
7,2,100.0,10000,7,0.986,0.03662486237684389,0.014000000000000012
7,5,100.0,10000,7,0.7692,0.6393837369527582,0.2308
7,10,100.0,10000,7,0.2643,inf,0.7357
7,2,100.0,10000,8,0.9805,0.050528289225733006,0.019499999999999962
7,5,100.0,10000,8,0.4168,inf,0.5831999999999999
7,10,100.0,10000,8,0.5667,inf,0.4333
7,2,100.0,10000,9,0.837,0.29312983884865834,0.16300000000000003
7,5,100.0,10000,9,0.6394,inf,0.36060000000000003
7,10,100.0,10000,9,0.5287,inf,0.47130000000000005
8,2,0.01,10000,0,0.5,0.6780222818337779,0.5
8,5,0.01,10000,0,0.3892,1.4779103064753767,0.6108
8,10,0.01,10000,0,0.1086,inf,0.8914
8,2,0.01,10000,1,0.7955,0.3767740307318444,0.20450000000000002
8,5,0.01,10000,1,0.3796,1.4809312816268727,0.6204000000000001
8,10,0.01,10000,1,0.1991,inf,0.8009
8,2,0.01,10000,2,0.5005,0.6224359888822704,0.49950000000000006
8,5,0.01,10000,2,0.389,inf,0.611
8,10,0.01,10000,2,0.1007,inf,0.8993
8,2,0.01,10000,3,0.9775,0.06149102481802609,0.022499999999999964
8,5,0.01,10000,3,0.3584,1.4661291494311819,0.6416
8,10,0.01,10000,3,0.2775,inf,0.7224999999999999
8,2,0.01,10000,4,0.991,0.02645285503692625,0.009000000000000008
8,5,0.01,10000,4,0.2194,inf,0.7806
8,10,0.01,10000,4,0.2003,inf,0.7997
8,2,0.01,10000,5,0.9895,0.02222595734984837,0.010499999999999954
8,5,0.01,10000,5,0.29,1.448416336942268,0.71
8,10,0.01,10000,5,0.3346,inf,0.6654
8,2,0.01,10000,6,0.799,0.3613629814588853,0.20099999999999996
8,5,0.01,10000,6,0.584,1.366919887461192,0.41600000000000004
8,10,0.01,10000,6,0.1398,inf,0.8602
8,2,0.01,10000,7,0.5,0.63124446765968,0.5
8,5,0.01,10000,7,0.3882,1.483724649648647,0.6118
8,10,0.01,10000,7,0.1806,inf,0.8194
8,2,0.01,10000,8,0.798,0.3463120255070183,0.20199999999999996
8,5,0.01,10000,8,0.2836,1.4463092339686736,0.7163999999999999
8,10,0.01,10000,8,0.196,inf,0.804
8,2,0.01,10000,9,0.9905,0.022939047702586382,0.009499999999999953
8,5,0.01,10000,9,0.4234,inf,0.5766
8,10,0.01,10000,9,0.2919,inf,0.7081
8,2,1.0,10000,0,0.5485,0.622987441972382,0.4515
8,5,1.0,10000,0,0.5386,inf,0.46140000000000003
8,10,1.0,10000,0,0.3274,inf,0.6726
8,2,1.0,10000,1,0.9905,0.025621526835062393,0.009499999999999953
8,5,1.0,10000,1,0.6018,inf,0.3982
8,10,1.0,10000,1,0.4407,inf,0.5593
8,2,1.0,10000,2,0.9865,0.034973582475019256,0.013499999999999956
8,5,1.0,10000,2,0.5702,0.9984937312438906,0.42979999999999996
8,10,1.0,10000,2,0.3136,inf,0.6864
8,2,1.0,10000,3,0.996,0.009258450940934516,0.0040000000000000036
8,5,1.0,10000,3,0.6234,0.9400661996685449,0.37660000000000005
8,10,1.0,10000,3,0.3767,inf,0.6233
8,2,1.0,10000,4,0.982,0.04900992588655852,0.018000000000000016
8,5,1.0,10000,4,0.6124,inf,0.38759999999999994
8,10,1.0,10000,4,0.39,inf,0.61
8,2,1.0,10000,5,0.5305,0.6001875613814268,0.46950000000000003
8,5,1.0,10000,5,0.5888,0.9922807125703117,0.4112
8,10,1.0,10000,5,0.339,inf,0.661
8,2,1.0,10000,6,0.908,0.21146359832101347,0.09199999999999997
8,5,1.0,10000,6,0.7352,inf,0.26480000000000004
8,10,1.0,10000,6,0.4331,inf,0.5669
8,2,1.0,10000,7,0.9165,0.19663385804361797,0.08350000000000002
8,5,1.0,10000,7,0.6056,0.9128084707252848,0.3944
8,10,1.0,10000,7,0.4398,inf,0.5602
8,2,1.0,10000,8,0.9745,0.07084981698665194,0.025499999999999967
8,5,1.0,10000,8,0.7408,inf,0.2592
8,10,1.0,10000,8,0.4335,inf,0.5665
8,2,1.0,10000,9,0.669,0.4702488638086344,0.33099999999999996
8,5,1.0,10000,9,0.5382,inf,0.4618
8,10,1.0,10000,9,0.4178,inf,0.5822
8,2,100.0,10000,0,0.9935,0.017909931343811407,0.00649999999999995
8,5,100.0,10000,0,0.8832,0.3737549020727535,0.11680000000000001
8,10,100.0,10000,0,0.5455,inf,0.4545
8,2,100.0,10000,1,0.9905,0.02864888414514785,0.009499999999999953
8,5,100.0,10000,1,0.8202,0.48945825280289246,0.17979999999999996
8,10,100.0,10000,1,0.4786,inf,0.5214
8,2,100.0,10000,2,0.9175,0.18597056668966808,0.08250000000000002
8,5,100.0,10000,2,0.6734,inf,0.3266
8,10,100.0,10000,2,0.4556,inf,0.5444
8,2,100.0,10000,3,0.9885,0.026649529314864435,0.011499999999999955
8,5,100.0,10000,3,0.575,inf,0.42500000000000004
8,10,100.0,10000,3,0.2269,inf,0.7731
8,2,100.0,10000,4,0.988,0.03569541878549129,0.01200000000000001
8,5,100.0,10000,4,0.6166,0.8272018424367021,0.38339999999999996
8,10,100.0,10000,4,0.4349,inf,0.5650999999999999
8,2,100.0,10000,5,0.9585,0.10101414467876622,0.04149999999999998
8,5,100.0,10000,5,0.7104,inf,0.28959999999999997
8,10,100.0,10000,5,0.3082,inf,0.6918
8,2,100.0,10000,6,0.965,0.08986798063207158,0.03500000000000003
8,5,100.0,10000,6,0.833,0.5220428110008917,0.16700000000000004
8,10,100.0,10000,6,0.5085,inf,0.49150000000000005
8,2,100.0,10000,7,0.9705,0.08300733364126307,0.02949999999999997
8,5,100.0,10000,7,0.8734,0.37978506287636665,0.12660000000000005
8,10,100.0,10000,7,0.4051,inf,0.5949
8,2,100.0,10000,8,0.8155,0.32747158976129725,0.1845
8,5,100.0,10000,8,0.6666,inf,0.33340000000000003
8,10,100.0,10000,8,0.5548,inf,0.44520000000000004
8,2,100.0,10000,9,0.8185,0.334916368193843,0.1815
8,5,100.0,10000,9,0.567,inf,0.43300000000000005
8,10,100.0,10000,9,0.431,inf,0.569
9,2,0.01,10000,0,0.9975,0.0055357047464873865,0.0024999999999999467
9,5,0.01,10000,0,0.2706,inf,0.7294
9,10,0.01,10000,0,0.1995,inf,0.8005
9,2,0.01,10000,1,0.7815,0.36243472900420104,0.21850000000000003
9,5,0.01,10000,1,0.2434,1.4813939780231853,0.7565999999999999
9,10,0.01,10000,1,0.2079,inf,0.7921
9,2,0.01,10000,2,0.94,0.14549365736626738,0.06000000000000005
9,5,0.01,10000,2,0.4866,inf,0.5134000000000001
9,10,0.01,10000,2,0.1987,inf,0.8013
9,2,0.01,10000,3,0.5,0.6212863679070959,0.5
9,5,0.01,10000,3,0.6562,0.9955158588447887,0.3438
9,10,0.01,10000,3,0.1001,inf,0.8999
9,2,0.01,10000,4,0.605,0.4841482736509905,0.395
9,5,0.01,10000,4,0.5796,inf,0.4204
9,10,0.01,10000,4,0.2778,inf,0.7222
9,2,0.01,10000,5,0.99,0.024396027244691153,0.010000000000000009
9,5,0.01,10000,5,0.2762,inf,0.7238
9,10,0.01,10000,5,0.2537,inf,0.7463
9,2,0.01,10000,6,0.5,0.6203469353799111,0.5
9,5,0.01,10000,6,0.3936,inf,0.6064
9,10,0.01,10000,6,0.2778,inf,0.7222
9,2,0.01,10000,7,0.5,0.6833327429561797,0.5
9,5,0.01,10000,7,0.4298,1.3837362227908312,0.5702
9,10,0.01,10000,7,0.1937,inf,0.8063
9,2,0.01,10000,8,0.9265,0.16589958599235743,0.07350000000000001
9,5,0.01,10000,8,0.4066,inf,0.5933999999999999
9,10,0.01,10000,8,0.1978,inf,0.8022
9,2,0.01,10000,9,0.6055,0.5356691048203497,0.39449999999999996
9,5,0.01,10000,9,0.3668,inf,0.6332
9,10,0.01,10000,9,0.216,inf,0.784
9,2,1.0,10000,0,0.919,0.17816032462439205,0.08099999999999996
9,5,1.0,10000,0,0.509,1.0906214142450623,0.491
9,10,1.0,10000,0,0.3399,inf,0.6601
9,2,1.0,10000,1,0.8445,0.30042229218477434,0.15549999999999997
9,5,1.0,10000,1,0.6622,inf,0.3378
9,10,1.0,10000,1,0.4677,inf,0.5323
9,2,1.0,10000,2,0.9895,0.022783314373949724,0.010499999999999954
9,5,1.0,10000,2,0.7096,inf,0.2904
9,10,1.0,10000,2,0.6044,inf,0.39559999999999995
9,2,1.0,10000,3,0.9765,0.05719733651365297,0.023499999999999965
9,5,1.0,10000,3,0.5188,inf,0.48119999999999996
9,10,1.0,10000,3,0.3703,inf,0.6296999999999999
9,2,1.0,10000,4,0.9945,0.01669474371420911,0.005499999999999949
9,5,1.0,10000,4,0.547,inf,0.45299999999999996
9,10,1.0,10000,4,0.4054,inf,0.5946
9,2,1.0,10000,5,0.81,0.34621904663285924,0.18999999999999995
9,5,1.0,10000,5,0.8114,0.6043184924245848,0.1886
9,10,1.0,10000,5,0.4521,inf,0.5479
9,2,1.0,10000,6,0.9925,0.02236117944457971,0.007499999999999951
9,5,1.0,10000,6,0.5672,inf,0.43279999999999996
9,10,1.0,10000,6,0.2303,inf,0.7697
9,2,1.0,10000,7,0.9025,0.21248561447101327,0.09750000000000003
9,5,1.0,10000,7,0.5658,inf,0.43420000000000003
9,10,1.0,10000,7,0.5052,inf,0.4948
9,2,1.0,10000,8,0.9995,0.0019865649028166063,0.0004999999999999449
9,5,1.0,10000,8,0.5206,inf,0.47940000000000005
9,10,1.0,10000,8,0.3925,inf,0.6074999999999999
9,2,1.0,10000,9,0.9865,0.03798295408656605,0.013499999999999956
9,5,1.0,10000,9,0.8444,0.45557389225126954,0.15559999999999996
9,10,1.0,10000,9,0.3267,inf,0.6733
9,2,100.0,10000,0,0.9785,0.05244157598436529,0.021499999999999964
9,5,100.0,10000,0,0.5962,inf,0.40380000000000005
9,10,100.0,10000,0,0.4087,inf,0.5912999999999999
9,2,100.0,10000,1,0.9945,0.018812463245483066,0.005499999999999949
9,5,100.0,10000,1,0.6682,inf,0.3318
9,10,100.0,10000,1,0.381,inf,0.619
9,2,100.0,10000,2,0.9875,0.031723815177400715,0.012499999999999956
9,5,100.0,10000,2,0.7212,0.6875450473027928,0.27880000000000005
9,10,100.0,10000,2,0.3947,inf,0.6053
9,2,100.0,10000,3,0.975,0.06401528708333236,0.025000000000000022
9,5,100.0,10000,3,0.6184,inf,0.38160000000000005
9,10,100.0,10000,3,0.3403,inf,0.6597
9,2,100.0,10000,4,0.984,0.04381061272901042,0.016000000000000014
9,5,100.0,10000,4,0.6316,0.860695064757235,0.36839999999999995
9,10,100.0,10000,4,0.4151,inf,0.5849
9,2,100.0,10000,5,0.9935,0.015468917036091075,0.00649999999999995
9,5,100.0,10000,5,0.8344,0.43841411275645076,0.16559999999999997
9,10,100.0,10000,5,0.418,inf,0.5820000000000001
9,2,100.0,10000,6,0.9985,0.002636488385103515,0.0014999999999999458
9,5,100.0,10000,6,0.6142,inf,0.38580000000000003
9,10,100.0,10000,6,0.3729,inf,0.6271
9,2,100.0,10000,7,0.9625,0.09416317320765025,0.03749999999999998
9,5,100.0,10000,7,0.6386,inf,0.36140000000000005
9,10,100.0,10000,7,0.5506,inf,0.4494
9,2,100.0,10000,8,0.939,0.15499843703862337,0.061000000000000054
9,5,100.0,10000,8,0.7322,0.675124731489533,0.26780000000000004
9,10,100.0,10000,8,0.3324,inf,0.6676
9,2,100.0,10000,9,0.9885,0.028035284121040657,0.011499999999999955
9,5,100.0,10000,9,0.771,0.5983555428020202,0.22899999999999998
9,10,100.0,10000,9,0.4617,inf,0.5383
10,2,0.01,10000,0,0.8485,0.30449137549234356,0.15149999999999997
10,5,0.01,10000,0,0.412,inf,0.5880000000000001
10,10,0.01,10000,0,0.1611,inf,0.8389
10,2,0.01,10000,1,0.555,0.5218791468448235,0.44499999999999995
10,5,0.01,10000,1,0.694,inf,0.30600000000000005
10,10,0.01,10000,1,0.2531,inf,0.7469
10,2,0.01,10000,2,0.982,0.05228400518194124,0.018000000000000016
10,5,0.01,10000,2,0.5058,1.3984423538714825,0.4942
10,10,0.01,10000,2,0.2058,inf,0.7942
10,2,0.01,10000,3,0.5,0.6385890764394143,0.5
10,5,0.01,10000,3,0.6136,inf,0.38639999999999997
10,10,0.01,10000,3,0.296,inf,0.704
10,2,0.01,10000,4,0.608,0.5101064345137415,0.392
10,5,0.01,10000,4,0.4876,inf,0.5124
10,10,0.01,10000,4,0.1455,inf,0.8545
10,2,0.01,10000,5,0.9645,0.10276343652486494,0.035499999999999976
10,5,0.01,10000,5,0.3528,inf,0.6472
10,10,0.01,10000,5,0.2508,inf,0.7492
10,2,0.01,10000,6,0.9315,0.17489488103144646,0.0685
10,5,0.01,10000,6,0.2362,1.5071286332898883,0.7638
10,10,0.01,10000,6,0.2256,inf,0.7744
10,2,0.01,10000,7,0.5,0.6644313619753102,0.5
10,5,0.01,10000,7,0.3614,1.4242089590928881,0.6386000000000001
10,10,0.01,10000,7,0.2022,inf,0.7978000000000001
10,2,0.01,10000,8,0.993,0.016579125626485572,0.007000000000000006
10,5,0.01,10000,8,0.5402,1.3827582976159722,0.4598
10,10,0.01,10000,8,0.286,inf,0.714
10,2,0.01,10000,9,0.9945,0.01203593757572535,0.005499999999999949
10,5,0.01,10000,9,0.4358,1.4393386783046267,0.5642
10,10,0.01,10000,9,0.363,inf,0.637
10,2,1.0,10000,0,0.9885,0.03272713504568556,0.011499999999999955
10,5,1.0,10000,0,0.5074,inf,0.49260000000000004
10,10,1.0,10000,0,0.3992,inf,0.6008
10,2,1.0,10000,1,0.993,0.01705623196346571,0.007000000000000006
10,5,1.0,10000,1,0.618,inf,0.382
10,10,1.0,10000,1,0.3207,inf,0.6793
10,2,1.0,10000,2,0.9835,0.05580520645383261,0.01649999999999996
10,5,1.0,10000,2,0.5088,inf,0.49119999999999997
10,10,1.0,10000,2,0.5419,inf,0.45809999999999995
10,2,1.0,10000,3,0.909,0.1864304628799005,0.09099999999999997
10,5,1.0,10000,3,0.6614,0.8624878525084388,0.3386
10,10,1.0,10000,3,0.4693,inf,0.5307
10,2,1.0,10000,4,0.9815,0.04708917613910032,0.01849999999999996
10,5,1.0,10000,4,0.6346,inf,0.36539999999999995
10,10,1.0,10000,4,0.3065,inf,0.6935
10,2,1.0,10000,5,0.9915,0.022351421659790108,0.008499999999999952
10,5,1.0,10000,5,0.796,0.5778043664185738,0.20399999999999996
10,10,1.0,10000,5,0.3662,inf,0.6337999999999999
10,2,1.0,10000,6,0.891,0.23845213892492081,0.10899999999999999
10,5,1.0,10000,6,0.5836,0.9541876077224665,0.4164
10,10,1.0,10000,6,0.6867,inf,0.3133
10,2,1.0,10000,7,0.9955,0.01346601014399054,0.0044999999999999485
10,5,1.0,10000,7,0.6848,inf,0.31520000000000004
10,10,1.0,10000,7,0.3986,inf,0.6013999999999999
10,2,1.0,10000,8,0.9935,0.013530272830248685,0.00649999999999995
10,5,1.0,10000,8,0.6308,inf,0.3692
10,10,1.0,10000,8,0.4338,inf,0.5662
10,2,1.0,10000,9,0.909,0.21195874457093053,0.09099999999999997
10,5,1.0,10000,9,0.7192,0.7974014568182916,0.28080000000000005
10,10,1.0,10000,9,0.549,inf,0.45099999999999996
10,2,100.0,10000,0,0.989,0.029879572382702925,0.01100000000000001
10,5,100.0,10000,0,0.6682,inf,0.3318
10,10,100.0,10000,0,0.6079,inf,0.3921
10,2,100.0,10000,1,0.9795,0.04934703931971689,0.020499999999999963
10,5,100.0,10000,1,0.7458,inf,0.2542
10,10,100.0,10000,1,0.4689,inf,0.5311
10,2,100.0,10000,2,0.9395,0.12506698683728124,0.0605
10,5,100.0,10000,2,0.7334,inf,0.26659999999999995
10,10,100.0,10000,2,0.5815,inf,0.4185
10,2,100.0,10000,3,0.8945,0.22039879372819027,0.10550000000000004
10,5,100.0,10000,3,0.8662,0.36878999821438313,0.13380000000000003
10,10,100.0,10000,3,0.4327,inf,0.5673
10,2,100.0,10000,4,0.977,0.0552628706605897,0.02300000000000002
10,5,100.0,10000,4,0.8478,0.4437503192043796,0.1522
10,10,100.0,10000,4,0.5013,inf,0.49870000000000003
10,2,100.0,10000,5,0.993,0.015155853276634254,0.007000000000000006
10,5,100.0,10000,5,0.6598,inf,0.34019999999999995
10,10,100.0,10000,5,0.4427,inf,0.5573
10,2,100.0,10000,6,0.979,0.05000465030766465,0.02100000000000002
10,5,100.0,10000,6,0.6182,1.0029116373828437,0.38180000000000003
10,10,100.0,10000,6,0.4544,inf,0.5456
10,2,100.0,10000,7,0.992,0.021252295386272126,0.008000000000000007
10,5,100.0,10000,7,0.6776,0.7685771552808859,0.3224
10,10,100.0,10000,7,0.5016,inf,0.49839999999999995
10,2,100.0,10000,8,0.965,0.08608141503546508,0.03500000000000003
10,5,100.0,10000,8,0.7514,inf,0.24860000000000004
10,10,100.0,10000,8,0.5317,inf,0.46830000000000005
10,2,100.0,10000,9,0.9895,0.030750957387562124,0.010499999999999954
10,5,100.0,10000,9,0.5496,inf,0.4504
10,10,100.0,10000,9,0.3606,inf,0.6394
11,2,0.01,10000,0,0.9495,0.1269798777308392,0.05049999999999999
11,5,0.01,10000,0,0.3904,inf,0.6095999999999999
11,10,0.01,10000,0,0.1147,inf,0.8853
11,2,0.01,10000,1,0.5335,0.5825964191212684,0.4665
11,5,0.01,10000,1,0.6256,1.2643423562543363,0.37439999999999996
11,10,0.01,10000,1,0.2904,inf,0.7096
11,2,0.01,10000,2,0.785,0.36294958085226475,0.21499999999999997
11,5,0.01,10000,2,0.5176,inf,0.48240000000000005
11,10,0.01,10000,2,0.2301,inf,0.7699
11,2,0.01,10000,3,0.9245,0.16350414992938955,0.07550000000000001
11,5,0.01,10000,3,0.4186,inf,0.5813999999999999
11,10,0.01,10000,3,0.1705,inf,0.8295
11,2,0.01,10000,4,0.7015,0.44401997596449816,0.2985
11,5,0.01,10000,4,0.2736,inf,0.7263999999999999
11,10,0.01,10000,4,0.334,inf,0.6659999999999999
11,2,0.01,10000,5,0.8525,0.2980751428359721,0.14749999999999996
11,5,0.01,10000,5,0.5126,0.9426606762190204,0.48740000000000006
11,10,0.01,10000,5,0.2532,inf,0.7468
11,2,0.01,10000,6,0.989,0.03655581729926962,0.01100000000000001
11,5,0.01,10000,6,0.4378,1.4458057127394393,0.5622
11,10,0.01,10000,6,0.1939,inf,0.8061
11,2,0.01,10000,7,0.52,0.5380236666371411,0.48
11,5,0.01,10000,7,0.5606,1.2830999585381797,0.4394
11,10,0.01,10000,7,0.1747,inf,0.8253
11,2,0.01,10000,8,0.915,0.20013751407983552,0.08499999999999996
11,5,0.01,10000,8,0.3592,1.430909813048728,0.6408
11,10,0.01,10000,8,0.2291,inf,0.7709
11,2,0.01,10000,9,0.979,0.059926131843223276,0.02100000000000002
11,5,0.01,10000,9,0.3928,1.332694006676009,0.6072
11,10,0.01,10000,9,0.304,inf,0.696
11,2,1.0,10000,0,0.9665,0.08299060457833424,0.033499999999999974
11,5,1.0,10000,0,0.7462,0.6249725024767198,0.2538
11,10,1.0,10000,0,0.4689,inf,0.5311
11,2,1.0,10000,1,0.97,0.08083854913569533,0.030000000000000027
11,5,1.0,10000,1,0.7526,inf,0.24739999999999995
11,10,1.0,10000,1,0.4497,inf,0.5503
11,2,1.0,10000,2,0.993,0.014556565114562237,0.007000000000000006
11,5,1.0,10000,2,0.5896,inf,0.4104
11,10,1.0,10000,2,0.4879,inf,0.5121
11,2,1.0,10000,3,0.9875,0.03558556880626982,0.012499999999999956
11,5,1.0,10000,3,0.8452,0.410517717557266,0.15480000000000005
11,10,1.0,10000,3,0.6522,inf,0.3478
11,2,1.0,10000,4,0.9735,0.05912109485336607,0.026499999999999968
11,5,1.0,10000,4,0.773,0.6168607053837437,0.22699999999999998
11,10,1.0,10000,4,0.4126,inf,0.5873999999999999
11,2,1.0,10000,5,0.99,0.025784975267187645,0.010000000000000009
11,5,1.0,10000,5,0.8732,0.3532319720209994,0.12680000000000002
11,10,1.0,10000,5,0.5206,inf,0.47940000000000005
11,2,1.0,10000,6,0.943,0.14254599176306454,0.05700000000000005
11,5,1.0,10000,6,0.6942,0.7478689604468778,0.30579999999999996
11,10,1.0,10000,6,0.5378,inf,0.46220000000000006
11,2,1.0,10000,7,0.986,0.04152679082583046,0.014000000000000012
11,5,1.0,10000,7,0.8108,0.5113533577577059,0.18920000000000003
11,10,1.0,10000,7,0.6369,inf,0.3631
11,2,1.0,10000,8,0.9905,0.02756518147585236,0.009499999999999953
11,5,1.0,10000,8,0.9282,0.21346260347146914,0.07179999999999997
11,10,1.0,10000,8,0.5429,inf,0.45709999999999995
11,2,1.0,10000,9,0.995,0.010652980162017784,0.0050000000000000044
11,5,1.0,10000,9,0.6774,inf,0.3226
11,10,1.0,10000,9,0.5284,inf,0.4716
11,2,100.0,10000,0,0.878,0.23637942072897544,0.122
11,5,100.0,10000,0,0.6896,0.7817535246948802,0.3104
11,10,100.0,10000,0,0.4624,inf,0.5376000000000001
11,2,100.0,10000,1,0.984,0.03961819947828542,0.016000000000000014
11,5,100.0,10000,1,0.9266,0.21872952909835094,0.07340000000000002
11,10,100.0,10000,1,0.5297,inf,0.47030000000000005
11,2,100.0,10000,2,0.9875,0.02907553001128717,0.012499999999999956
11,5,100.0,10000,2,0.6862,0.7061808058006105,0.31379999999999997
11,10,100.0,10000,2,0.5864,inf,0.41359999999999997
11,2,100.0,10000,3,0.9935,0.020324692581890267,0.00649999999999995
11,5,100.0,10000,3,0.8568,0.38670528347949573,0.1432
11,10,100.0,10000,3,0.4296,inf,0.5704
11,2,100.0,10000,4,0.9915,0.021737366679151136,0.008499999999999952
11,5,100.0,10000,4,0.8442,0.5020412659106547,0.15580000000000005
11,10,100.0,10000,4,0.5163,inf,0.4837
11,2,100.0,10000,5,0.985,0.03852725379856495,0.015000000000000013
11,5,100.0,10000,5,0.8504,0.3722307888884927,0.14959999999999996
11,10,100.0,10000,5,0.5553,inf,0.4447
11,2,100.0,10000,6,0.9935,0.01856376725112319,0.00649999999999995
11,5,100.0,10000,6,0.6644,inf,0.3356
11,10,100.0,10000,6,0.6446,inf,0.35540000000000005
11,2,100.0,10000,7,0.9115,0.19890112688218972,0.08850000000000002
11,5,100.0,10000,7,0.858,0.4312098116509528,0.14200000000000002
11,10,100.0,10000,7,0.4325,inf,0.5675
11,2,100.0,10000,8,0.99,0.02758202435658121,0.010000000000000009
11,5,100.0,10000,8,0.7212,0.8727478451810914,0.27880000000000005
11,10,100.0,10000,8,0.4457,inf,0.5543
11,2,100.0,10000,9,0.8625,0.2737497103553128,0.13749999999999996
11,5,100.0,10000,9,0.6914,inf,0.3086
11,10,100.0,10000,9,0.5197,inf,0.48029999999999995
12,2,0.01,10000,0,0.904,0.23521534777900593,0.09599999999999997
12,5,0.01,10000,0,0.6284,1.246066251327074,0.37160000000000004
12,10,0.01,10000,0,0.3282,inf,0.6718
12,2,0.01,10000,1,0.6375,0.5150656815823367,0.36250000000000004
12,5,0.01,10000,1,0.6468,1.2264925326614955,0.35319999999999996
12,10,0.01,10000,1,0.2122,inf,0.7878000000000001
12,2,0.01,10000,2,0.5045,0.5569202430412574,0.49550000000000005
12,5,0.01,10000,2,0.651,0.7834806296552915,0.349
12,10,0.01,10000,2,0.3036,inf,0.6964
12,2,0.01,10000,3,0.98,0.05113120424805831,0.020000000000000018
12,5,0.01,10000,3,0.469,1.4404917887319275,0.531
12,10,0.01,10000,3,0.356,inf,0.644
12,2,0.01,10000,4,0.9825,0.03746869007826075,0.01749999999999996
12,5,0.01,10000,4,0.584,1.429981674039611,0.41600000000000004
12,10,0.01,10000,4,0.2949,inf,0.7051000000000001
12,2,0.01,10000,5,0.982,0.0428876852089077,0.018000000000000016
12,5,0.01,10000,5,0.4828,1.372393934002456,0.5172
12,10,0.01,10000,5,0.2355,inf,0.7645
12,2,0.01,10000,6,0.996,0.01105818364082744,0.0040000000000000036
12,5,0.01,10000,6,0.2,inf,0.8
12,10,0.01,10000,6,0.2737,inf,0.7263
12,2,0.01,10000,7,0.989,0.028851762363936485,0.01100000000000001
12,5,0.01,10000,7,0.4124,inf,0.5876
12,10,0.01,10000,7,0.3588,inf,0.6412
12,2,0.01,10000,8,0.979,0.059255953314202886,0.02100000000000002
12,5,0.01,10000,8,0.3748,inf,0.6252
12,10,0.01,10000,8,0.2,inf,0.8
12,2,0.01,10000,9,0.665,0.4361069183932186,0.33499999999999996
12,5,0.01,10000,9,0.3288,inf,0.6712
12,10,0.01,10000,9,0.2643,inf,0.7357
12,2,1.0,10000,0,0.791,0.37915564017650144,0.20899999999999996
12,5,1.0,10000,0,0.774,0.6011234768861881,0.22599999999999998
12,10,1.0,10000,0,0.4084,inf,0.5916
12,2,1.0,10000,1,0.6455,0.5039561425111374,0.35450000000000004
12,5,1.0,10000,1,0.4872,1.0839737795159927,0.5127999999999999
12,10,1.0,10000,1,0.5002,inf,0.4998
12,2,1.0,10000,2,0.984,0.04230047051404713,0.016000000000000014
12,5,1.0,10000,2,0.46,inf,0.54
12,10,1.0,10000,2,0.4068,inf,0.5932
12,2,1.0,10000,3,0.957,0.10194281592232633,0.04300000000000004
12,5,1.0,10000,3,0.7694,inf,0.23060000000000003
12,10,1.0,10000,3,0.4768,inf,0.5232
12,2,1.0,10000,4,0.9965,0.00792994561967635,0.0034999999999999476
12,5,1.0,10000,4,0.7294,0.743018018137464,0.27059999999999995
12,10,1.0,10000,4,0.3224,inf,0.6776
12,2,1.0,10000,5,0.905,0.21332261121280793,0.09499999999999997
12,5,1.0,10000,5,0.5182,1.115372289526437,0.4818
12,10,1.0,10000,5,0.4858,inf,0.5142
12,2,1.0,10000,6,0.961,0.08056033971931988,0.039000000000000035
12,5,1.0,10000,6,0.8142,0.4533939469910307,0.18579999999999997
12,10,1.0,10000,6,0.5811,inf,0.41890000000000005
12,2,1.0,10000,7,0.9965,0.010698140127501993,0.0034999999999999476
12,5,1.0,10000,7,0.8686,0.35027855250978596,0.13139999999999996
12,10,1.0,10000,7,0.4615,inf,0.5385
12,2,1.0,10000,8,0.987,0.028337470348091875,0.013000000000000012
12,5,1.0,10000,8,0.676,0.8365279283961534,0.32399999999999995
12,10,1.0,10000,8,0.4017,inf,0.5983
12,2,1.0,10000,9,0.9905,0.022689492472286583,0.009499999999999953
12,5,1.0,10000,9,0.8212,0.5529967566582176,0.17879999999999996
12,10,1.0,10000,9,0.5315,inf,0.4685
12,2,100.0,10000,0,0.9785,0.056871219856533005,0.021499999999999964
12,5,100.0,10000,0,0.8144,0.4878801632519575,0.1856
12,10,100.0,10000,0,0.4714,inf,0.5286
12,2,100.0,10000,1,0.9775,0.05634734957457496,0.022499999999999964
12,5,100.0,10000,1,0.8394,0.42880539252552197,0.16059999999999997
12,10,100.0,10000,1,0.5339,inf,0.46609999999999996
12,2,100.0,10000,2,0.987,0.033191589156932065,0.013000000000000012
12,5,100.0,10000,2,0.7684,inf,0.23160000000000003
12,10,100.0,10000,2,0.4867,inf,0.5133
12,2,100.0,10000,3,0.993,0.019182912876471264,0.007000000000000006
12,5,100.0,10000,3,0.704,inf,0.29600000000000004
12,10,100.0,10000,3,0.6353,inf,0.3647
12,2,100.0,10000,4,0.9475,0.12974066801077339,0.05249999999999999
12,5,100.0,10000,4,0.8126,0.5227756901055671,0.1874
12,10,100.0,10000,4,0.524,inf,0.476
12,2,100.0,10000,5,0.982,0.03882082938593114,0.018000000000000016
12,5,100.0,10000,5,0.7708,0.6106327789938487,0.22919999999999996
12,10,100.0,10000,5,0.5102,inf,0.4898
12,2,100.0,10000,6,0.9715,0.07718530092804529,0.02849999999999997
12,5,100.0,10000,6,0.8156,0.5025323939398254,0.1844
12,10,100.0,10000,6,0.45,inf,0.55
12,2,100.0,10000,7,0.9935,0.01793364430072165,0.00649999999999995
12,5,100.0,10000,7,0.719,inf,0.281
12,10,100.0,10000,7,0.4611,inf,0.5388999999999999
12,2,100.0,10000,8,0.972,0.06907776406818159,0.028000000000000025
12,5,100.0,10000,8,0.922,0.22807534867097287,0.07799999999999996
12,10,100.0,10000,8,0.5424,inf,0.4576
12,2,100.0,10000,9,0.984,0.038507431172951814,0.016000000000000014
12,5,100.0,10000,9,0.8284,0.4345513249529386,0.17159999999999997
12,10,100.0,10000,9,0.4104,inf,0.5896
13,2,0.01,10000,0,0.661,0.44711327056959244,0.33899999999999997
13,5,0.01,10000,0,0.5358,1.3965117732781378,0.46419999999999995
13,10,0.01,10000,0,0.3105,inf,0.6895
13,2,0.01,10000,1,0.7585,0.3856150215204661,0.24150000000000005
13,5,0.01,10000,1,0.3492,inf,0.6508
13,10,0.01,10000,1,0.1173,inf,0.8827
13,2,0.01,10000,2,0.9965,0.012548743813489844,0.0034999999999999476
13,5,0.01,10000,2,0.3232,1.3817104462048724,0.6768000000000001
13,10,0.01,10000,2,0.2667,inf,0.7333000000000001
13,2,0.01,10000,3,0.9745,0.06489688116213965,0.025499999999999967
13,5,0.01,10000,3,0.5654,1.3139970640184675,0.4346
13,10,0.01,10000,3,0.3393,inf,0.6607000000000001
13,2,0.01,10000,4,0.6545,0.4754034849217907,0.34550000000000003
13,5,0.01,10000,4,0.4116,inf,0.5884
13,10,0.01,10000,4,0.2243,inf,0.7757000000000001
13,2,0.01,10000,5,0.9915,0.019668882986232646,0.008499999999999952
13,5,0.01,10000,5,0.5276,1.4672794506039062,0.47240000000000004
13,10,0.01,10000,5,0.2486,inf,0.7514000000000001
13,2,0.01,10000,6,0.7615,0.40229293456647125,0.23850000000000005
13,5,0.01,10000,6,0.4554,1.4468607253336805,0.5446
13,10,0.01,10000,6,0.2482,inf,0.7518
13,2,0.01,10000,7,0.8445,0.31340649522443076,0.15549999999999997
13,5,0.01,10000,7,0.6562,0.7236844119035323,0.3438
13,10,0.01,10000,7,0.457,inf,0.5429999999999999
13,2,0.01,10000,8,0.998,0.007565638896631136,0.0020000000000000018
13,5,0.01,10000,8,0.6028,1.2820935002304703,0.3972
13,10,0.01,10000,8,0.3261,inf,0.6738999999999999
13,2,0.01,10000,9,0.966,0.09709129295568505,0.03400000000000003
13,5,0.01,10000,9,0.5724,inf,0.4276
13,10,0.01,10000,9,0.3753,inf,0.6247
13,2,1.0,10000,0,0.9915,0.02588649897495285,0.008499999999999952
13,5,1.0,10000,0,0.7386,inf,0.26139999999999997
13,10,1.0,10000,0,0.4778,inf,0.5222
13,2,1.0,10000,1,0.987,0.03305394403673954,0.013000000000000012
13,5,1.0,10000,1,0.8474,0.41866464062306225,0.15259999999999996
13,10,1.0,10000,1,0.5466,inf,0.4534
13,2,1.0,10000,2,0.9935,0.017461009429684027,0.00649999999999995
13,5,1.0,10000,2,0.671,0.7286131921161234,0.32899999999999996
13,10,1.0,10000,2,0.4794,inf,0.5206
13,2,1.0,10000,3,0.9885,0.02812873029275474,0.011499999999999955
13,5,1.0,10000,3,0.7616,0.5934674349165583,0.23839999999999995
13,10,1.0,10000,3,0.571,inf,0.42900000000000005
13,2,1.0,10000,4,0.9975,0.005950918468756144,0.0024999999999999467
13,5,1.0,10000,4,0.7652,inf,0.2348
13,10,1.0,10000,4,0.627,inf,0.373
13,2,1.0,10000,5,0.9915,0.024595468485437096,0.008499999999999952
13,5,1.0,10000,5,0.5912,inf,0.40880000000000005
13,10,1.0,10000,5,0.5043,inf,0.49570000000000003
13,2,1.0,10000,6,0.9755,0.057083391006529344,0.024499999999999966
13,5,1.0,10000,6,0.8344,0.4530392004445028,0.16559999999999997
13,10,1.0,10000,6,0.5909,inf,0.4091
13,2,1.0,10000,7,0.95,0.11591068729494998,0.050000000000000044
13,5,1.0,10000,7,0.7142,0.6675694011190644,0.28580000000000005
13,10,1.0,10000,7,0.4842,inf,0.5158
13,2,1.0,10000,8,0.9675,0.08861709265046122,0.03249999999999997
13,5,1.0,10000,8,0.8084,0.5055313848971756,0.1916
13,10,1.0,10000,8,0.5519,inf,0.44810000000000005
13,2,1.0,10000,9,1.0,-0.0,0.0
13,5,1.0,10000,9,0.724,0.6709274324714466,0.276
13,10,1.0,10000,9,0.5177,inf,0.48229999999999995
13,2,100.0,10000,0,0.9945,0.019059892120064866,0.005499999999999949
13,5,100.0,10000,0,0.8496,0.4521903438198584,0.15039999999999998
13,10,100.0,10000,0,0.4643,inf,0.5357000000000001
13,2,100.0,10000,1,0.976,0.06258415875913213,0.02400000000000002
13,5,100.0,10000,1,0.8768,0.3373277151847972,0.12319999999999998
13,10,100.0,10000,1,0.5454,inf,0.4546
13,2,100.0,10000,2,0.992,0.021548340806745572,0.008000000000000007
13,5,100.0,10000,2,0.8414,0.4635745010910761,0.15859999999999996
13,10,100.0,10000,2,0.5974,inf,0.40259999999999996
13,2,100.0,10000,3,0.9845,0.03501898219898695,0.015499999999999958
13,5,100.0,10000,3,0.7442,0.6668759162098282,0.2558
13,10,100.0,10000,3,0.5124,inf,0.48760000000000003
13,2,100.0,10000,4,0.987,0.03350408964530194,0.013000000000000012
13,5,100.0,10000,4,0.7564,inf,0.24360000000000004
13,10,100.0,10000,4,0.6296,inf,0.37039999999999995
13,2,100.0,10000,5,0.987,0.035608390575024275,0.013000000000000012
13,5,100.0,10000,5,0.8136,0.4750932484058096,0.1864
13,10,100.0,10000,5,0.5561,inf,0.44389999999999996
13,2,100.0,10000,6,0.989,0.028688522425091144,0.01100000000000001
13,5,100.0,10000,6,0.8566,0.3669587498183706,0.14339999999999997
13,10,100.0,10000,6,0.5714,inf,0.4286
13,2,100.0,10000,7,0.984,0.03182590452579488,0.016000000000000014
13,5,100.0,10000,7,0.7796,0.5245823329710761,0.22040000000000004
13,10,100.0,10000,7,0.6356,inf,0.36439999999999995
13,2,100.0,10000,8,0.98,0.05577551290883434,0.020000000000000018
13,5,100.0,10000,8,0.7416,inf,0.25839999999999996
13,10,100.0,10000,8,0.5303,inf,0.4697
13,2,100.0,10000,9,0.9955,0.013225610890467965,0.0044999999999999485
13,5,100.0,10000,9,0.7544,0.6767893112473141,0.24560000000000004
13,10,100.0,10000,9,0.5473,inf,0.4527
14,2,0.01,10000,0,0.995,0.016524002726271327,0.0050000000000000044
14,5,0.01,10000,0,0.4988,inf,0.5012
14,10,0.01,10000,0,0.1419,inf,0.8581
14,2,0.01,10000,1,0.9505,0.12384034176075176,0.04949999999999999
14,5,0.01,10000,1,0.4046,1.3989454158000294,0.5953999999999999
14,10,0.01,10000,1,0.2249,inf,0.7751
14,2,0.01,10000,2,0.6965,0.42660348483748556,0.3035
14,5,0.01,10000,2,0.5448,1.299490045307767,0.45520000000000005
14,10,0.01,10000,2,0.1756,inf,0.8244
14,2,0.01,10000,3,0.993,0.01908201428200743,0.007000000000000006
14,5,0.01,10000,3,0.4006,1.4371541373469927,0.5993999999999999
14,10,0.01,10000,3,0.1443,inf,0.8557
14,2,0.01,10000,4,0.986,0.0364577542182874,0.014000000000000012
14,5,0.01,10000,4,0.4124,1.4661495006939131,0.5876
14,10,0.01,10000,4,0.2756,inf,0.7243999999999999
14,2,0.01,10000,5,0.993,0.018329133571850648,0.007000000000000006
14,5,0.01,10000,5,0.6224,inf,0.37760000000000005
14,10,0.01,10000,5,0.2436,inf,0.7564
14,2,0.01,10000,6,0.9935,0.01366162857073369,0.00649999999999995
14,5,0.01,10000,6,0.5986,1.2551017467809311,0.4014
14,10,0.01,10000,6,0.2982,inf,0.7018
14,2,0.01,10000,7,0.9865,0.029374876643610257,0.013499999999999956
14,5,0.01,10000,7,0.4288,1.449205923245702,0.5711999999999999
14,10,0.01,10000,7,0.2792,inf,0.7208
14,2,0.01,10000,8,0.9635,0.10031247670354324,0.03649999999999998
14,5,0.01,10000,8,0.3242,1.4195891495563153,0.6758
14,10,0.01,10000,8,0.258,inf,0.742
14,2,0.01,10000,9,0.993,0.019472922790005107,0.007000000000000006
14,5,0.01,10000,9,0.5918,inf,0.4082
14,10,0.01,10000,9,0.2883,inf,0.7117
14,2,1.0,10000,0,0.9855,0.040512747506544725,0.014499999999999957
14,5,1.0,10000,0,0.7236,0.8696202089012346,0.2764
14,10,1.0,10000,0,0.5499,inf,0.45009999999999994
14,2,1.0,10000,1,0.97,0.07830307732707048,0.030000000000000027
14,5,1.0,10000,1,0.6116,inf,0.38839999999999997
14,10,1.0,10000,1,0.5844,inf,0.41559999999999997
14,2,1.0,10000,2,0.989,0.025530005898057196,0.01100000000000001
14,5,1.0,10000,2,0.9108,0.2731100060567045,0.08919999999999995
14,10,1.0,10000,2,0.5303,inf,0.4697
14,2,1.0,10000,3,0.9995,0.0019733606947999315,0.0004999999999999449
14,5,1.0,10000,3,0.6196,0.8674598908794368,0.38039999999999996
14,10,1.0,10000,3,0.5744,inf,0.4256
14,2,1.0,10000,4,0.984,0.03726971681440433,0.016000000000000014
14,5,1.0,10000,4,0.7876,0.5652233701176781,0.21240000000000003
14,10,1.0,10000,4,0.5576,inf,0.4424
14,2,1.0,10000,5,0.9965,0.009733823708896463,0.0034999999999999476
14,5,1.0,10000,5,0.6888,0.8811920104273872,0.31120000000000003
14,10,1.0,10000,5,0.5746,inf,0.4254
14,2,1.0,10000,6,0.995,0.014229787885291705,0.0050000000000000044
14,5,1.0,10000,6,0.823,0.48511103751928014,0.17700000000000005
14,10,1.0,10000,6,0.4987,inf,0.5013000000000001
14,2,1.0,10000,7,0.993,0.023974606752641785,0.007000000000000006
14,5,1.0,10000,7,0.807,0.5035665492301814,0.19299999999999995
14,10,1.0,10000,7,0.57,inf,0.43000000000000005
14,2,1.0,10000,8,0.998,0.0033787160830590643,0.0020000000000000018
14,5,1.0,10000,8,0.9396,0.178365835235624,0.06040000000000001
14,10,1.0,10000,8,0.4993,inf,0.5006999999999999
14,2,1.0,10000,9,0.994,0.014888984979543725,0.006000000000000005
14,5,1.0,10000,9,0.802,0.4845173624465605,0.19799999999999995
14,10,1.0,10000,9,0.6128,inf,0.3872
14,2,100.0,10000,0,0.998,0.004947825256210813,0.0020000000000000018
14,5,100.0,10000,0,0.7164,0.6714453490736169,0.28359999999999996
14,10,100.0,10000,0,0.7003,inf,0.29969999999999997
14,2,100.0,10000,1,0.994,0.011744694515086222,0.006000000000000005
14,5,100.0,10000,1,0.7354,0.8338622098989428,0.26459999999999995
14,10,100.0,10000,1,0.5816,inf,0.4184
14,2,100.0,10000,2,0.9905,0.029999851912648232,0.009499999999999953
14,5,100.0,10000,2,0.8896,0.31664959964382094,0.11040000000000005
14,10,100.0,10000,2,0.2933,inf,0.7067
14,2,100.0,10000,3,0.997,0.006288531308582966,0.0030000000000000027
14,5,100.0,10000,3,0.8946,0.27765444264658334,0.10540000000000005
14,10,100.0,10000,3,0.5603,inf,0.4397
14,2,100.0,10000,4,0.9885,0.027797266824848246,0.011499999999999955
14,5,100.0,10000,4,0.911,0.26143090122302637,0.08899999999999997
14,10,100.0,10000,4,0.4137,inf,0.5863
14,2,100.0,10000,5,0.9965,0.011601099680559357,0.0034999999999999476
14,5,100.0,10000,5,0.8944,0.2835422641812126,0.10560000000000003
14,10,100.0,10000,5,0.6858,inf,0.31420000000000003
14,2,100.0,10000,6,0.9445,0.1408336272273093,0.055499999999999994
14,5,100.0,10000,6,0.6768,inf,0.32320000000000004
14,10,100.0,10000,6,0.5819,inf,0.4181
14,2,100.0,10000,7,0.9885,0.0283823731257954,0.011499999999999955
14,5,100.0,10000,7,0.741,inf,0.259
14,10,100.0,10000,7,0.5705,inf,0.4295
14,2,100.0,10000,8,0.9945,0.013946665377950952,0.005499999999999949
14,5,100.0,10000,8,0.8724,0.38688283725589784,0.12760000000000005
14,10,100.0,10000,8,0.6328,inf,0.36719999999999997
14,2,100.0,10000,9,0.9885,0.029968638406159872,0.011499999999999955
14,5,100.0,10000,9,0.8696,0.34243480012400684,0.13039999999999996
14,10,100.0,10000,9,0.7614,0.7185158127118821,0.23860000000000003
15,2,0.01,10000,0,0.992,0.020291589310288415,0.008000000000000007
15,5,0.01,10000,0,0.5522,inf,0.4478
15,10,0.01,10000,0,0.419,inf,0.581
15,2,0.01,10000,1,0.8525,0.2809442395031063,0.14749999999999996
15,5,0.01,10000,1,0.521,1.4325523431194984,0.479
15,10,0.01,10000,1,0.2996,inf,0.7004
15,2,0.01,10000,2,0.9015,0.22573436472548825,0.09850000000000003
15,5,0.01,10000,2,0.6354,1.2955034647560548,0.36460000000000004
15,10,0.01,10000,2,0.2636,1.9975083695165303,0.7363999999999999
15,2,0.01,10000,3,0.9805,0.05654732498035128,0.019499999999999962
15,5,0.01,10000,3,0.4716,inf,0.5284
15,10,0.01,10000,3,0.325,inf,0.675
15,2,0.01,10000,4,0.9685,0.07859054848839317,0.03149999999999997
15,5,0.01,10000,4,0.5868,1.3034395005284123,0.4132
15,10,0.01,10000,4,0.2878,inf,0.7121999999999999
15,2,0.01,10000,5,0.9895,0.033158387091159154,0.010499999999999954
15,5,0.01,10000,5,0.4476,1.088010315213535,0.5524
15,10,0.01,10000,5,0.4854,inf,0.5146
15,2,0.01,10000,6,0.599,0.5246961698977326,0.401
15,5,0.01,10000,6,0.5464,1.301794627887415,0.4536
15,10,0.01,10000,6,0.1981,inf,0.8019000000000001
15,2,0.01,10000,7,0.88,0.23730609206965608,0.12
15,5,0.01,10000,7,0.5226,1.4124120841847794,0.47740000000000005
15,10,0.01,10000,7,0.1842,inf,0.8158
15,2,0.01,10000,8,0.902,0.22042745947236497,0.09799999999999998
15,5,0.01,10000,8,0.704,inf,0.29600000000000004
15,10,0.01,10000,8,0.3425,inf,0.6575
15,2,0.01,10000,9,0.821,0.31599944804775965,0.17900000000000005
15,5,0.01,10000,9,0.531,1.2416185819743173,0.469
15,10,0.01,10000,9,0.3152,inf,0.6848000000000001
15,2,1.0,10000,0,0.986,0.03376819324244619,0.014000000000000012
15,5,1.0,10000,0,0.6666,inf,0.33340000000000003
15,10,1.0,10000,0,0.6047,inf,0.3953
15,2,1.0,10000,1,0.963,0.09409737959741092,0.03700000000000003
15,5,1.0,10000,1,0.8574,0.3773403736046899,0.14259999999999995
15,10,1.0,10000,1,0.574,inf,0.42600000000000005
15,2,1.0,10000,2,0.991,0.024741051496648386,0.009000000000000008
15,5,1.0,10000,2,0.7898,0.5653519674911917,0.21020000000000005
15,10,1.0,10000,2,0.5055,inf,0.49450000000000005
15,2,1.0,10000,3,0.996,0.01565198975051194,0.0040000000000000036
15,5,1.0,10000,3,0.943,0.1790308805118992,0.05700000000000005
15,10,1.0,10000,3,0.4682,inf,0.5318
15,2,1.0,10000,4,0.9655,0.08667603789520166,0.034499999999999975
15,5,1.0,10000,4,0.797,0.5626995987200851,0.20299999999999996
15,10,1.0,10000,4,0.5884,inf,0.41159999999999997
15,2,1.0,10000,5,0.9955,0.012501819367810115,0.0044999999999999485
15,5,1.0,10000,5,0.916,0.24056906707329553,0.08399999999999996
15,10,1.0,10000,5,0.5385,inf,0.4615
15,2,1.0,10000,6,0.994,0.012524120052882011,0.006000000000000005
15,5,1.0,10000,6,0.7014,0.765327227412647,0.2986
15,10,1.0,10000,6,0.5126,inf,0.48740000000000006
15,2,1.0,10000,7,0.97,0.0691687721355051,0.030000000000000027
15,5,1.0,10000,7,0.8924,0.32457975597518324,0.10760000000000003
15,10,1.0,10000,7,0.6413,inf,0.3587
15,2,1.0,10000,8,0.9775,0.04986697894368674,0.022499999999999964
15,5,1.0,10000,8,0.7754,0.8305693862331162,0.22460000000000002
15,10,1.0,10000,8,0.5482,inf,0.4518
15,2,1.0,10000,9,0.984,0.0355800173199667,0.016000000000000014
15,5,1.0,10000,9,0.7682,inf,0.2318
15,10,1.0,10000,9,0.666,inf,0.33399999999999996
15,2,100.0,10000,0,0.988,0.03275583178825523,0.01200000000000001
15,5,100.0,10000,0,0.5986,inf,0.4014
15,10,100.0,10000,0,0.6303,inf,0.36970000000000003
15,2,100.0,10000,1,0.9945,0.017516341461486163,0.005499999999999949
15,5,100.0,10000,1,0.9522,0.14480466212550497,0.047799999999999954
15,10,100.0,10000,1,0.4895,inf,0.5105
15,2,100.0,10000,2,0.935,0.14065718528930476,0.06499999999999995
15,5,100.0,10000,2,0.7604,inf,0.23960000000000004
15,10,100.0,10000,2,0.6032,inf,0.39680000000000004
15,2,100.0,10000,3,0.982,0.04147988765758348,0.018000000000000016
15,5,100.0,10000,3,0.9086,0.2614110813759512,0.09140000000000004
15,10,100.0,10000,3,0.6441,0.9573778743954612,0.3559
15,2,100.0,10000,4,0.9635,0.08012128848320897,0.03649999999999998
15,5,100.0,10000,4,0.7502,inf,0.24980000000000002
15,10,100.0,10000,4,0.5722,inf,0.42779999999999996
15,2,100.0,10000,5,0.9735,0.06906751024212009,0.026499999999999968
15,5,100.0,10000,5,0.8906,0.33457385519956817,0.10940000000000005
15,10,100.0,10000,5,0.4879,inf,0.5121
15,2,100.0,10000,6,0.993,0.019800400064366376,0.007000000000000006
15,5,100.0,10000,6,0.7142,inf,0.28580000000000005
15,10,100.0,10000,6,0.5129,inf,0.4871
15,2,100.0,10000,7,0.996,0.010500745279115875,0.0040000000000000036
15,5,100.0,10000,7,0.6716,0.8453499928282956,0.3284
15,10,100.0,10000,7,0.4822,inf,0.5178
15,2,100.0,10000,8,0.994,0.014599435639166011,0.006000000000000005
15,5,100.0,10000,8,0.7622,0.8186732621825837,0.2378
15,10,100.0,10000,8,0.6657,inf,0.33430000000000004
15,2,100.0,10000,9,0.9825,0.046242925306660736,0.01749999999999996
15,5,100.0,10000,9,0.8834,0.3214379996809819,0.11660000000000004
15,10,100.0,10000,9,0.6266,inf,0.37339999999999995
32,2,0.01,10000,0,0.996,0.010068117524922062,0.0040000000000000036
32,5,0.01,10000,0,0.8258,0.3815334098148676,0.17420000000000002
32,10,0.01,10000,0,0.5811,inf,0.41890000000000005
32,2,0.01,10000,1,0.996,0.012262214638363004,0.0040000000000000036
32,5,0.01,10000,1,0.7608,0.6527928564711734,0.23919999999999997
32,10,0.01,10000,1,0.37,2.0234471451003233,0.63
32,2,0.01,10000,2,0.9955,0.015094772406642313,0.0044999999999999485
32,5,0.01,10000,2,0.8254,0.5110762570025897,0.17459999999999998
32,10,0.01,10000,2,0.4612,1.5856910154488684,0.5388
32,2,0.01,10000,3,0.987,0.037723323658512775,0.013000000000000012
32,5,0.01,10000,3,0.9028,0.2734821316216193,0.09719999999999995
32,10,0.01,10000,3,0.5378,1.6044529151549036,0.46220000000000006
32,2,0.01,10000,4,0.992,0.01938651702961444,0.008000000000000007
32,5,0.01,10000,4,0.7212,1.2333249976188498,0.27880000000000005
32,10,0.01,10000,4,0.4525,1.5605311692804282,0.5475
32,2,0.01,10000,5,0.993,0.019440976404140265,0.007000000000000006
32,5,0.01,10000,5,0.7002,0.7325138728093928,0.29979999999999996
32,10,0.01,10000,5,0.5968,inf,0.4032
32,2,0.01,10000,6,0.997,0.00589135867502924,0.0030000000000000027
32,5,0.01,10000,6,0.7566,0.9564070233389972,0.24339999999999995
32,10,0.01,10000,6,0.584,inf,0.41600000000000004
32,2,0.01,10000,7,0.972,0.06906980519876751,0.028000000000000025
32,5,0.01,10000,7,0.7372,0.6715736667100698,0.26280000000000003
32,10,0.01,10000,7,0.4984,1.7478223115569802,0.5016
32,2,0.01,10000,8,0.997,0.007338657769512215,0.0030000000000000027
32,5,0.01,10000,8,0.6508,0.7350661203527821,0.34919999999999995
32,10,0.01,10000,8,0.4443,inf,0.5557000000000001
32,2,0.01,10000,9,0.9415,0.13586939908674703,0.058499999999999996
32,5,0.01,10000,9,0.7942,0.536825472778076,0.20579999999999998
32,10,0.01,10000,9,0.4778,inf,0.5222
32,2,1.0,10000,0,0.992,0.018039803541399196,0.008000000000000007
32,5,1.0,10000,0,0.9702,0.09720130220875994,0.02980000000000005
32,10,1.0,10000,0,0.8649,0.45525384202848934,0.1351
32,2,1.0,10000,1,0.9995,0.0017781087132113444,0.0004999999999999449
32,5,1.0,10000,1,0.9014,0.2755128000965688,0.09860000000000002
32,10,1.0,10000,1,0.8759,0.3800675192308752,0.12409999999999999
32,2,1.0,10000,2,1.0,-0.0,0.0
32,5,1.0,10000,2,0.9394,0.1738702571564806,0.06059999999999999
32,10,1.0,10000,2,0.8256,0.5047268246854002,0.1744
32,2,1.0,10000,3,0.9905,0.021296184205262178,0.009499999999999953
32,5,1.0,10000,3,0.9442,0.17282273925434624,0.05579999999999996
32,10,1.0,10000,3,0.6535,1.1828799914448234,0.34650000000000003
32,2,1.0,10000,4,0.9955,0.013536784773391616,0.0044999999999999485
32,5,1.0,10000,4,0.9408,0.18772303515546296,0.05920000000000003
32,10,1.0,10000,4,0.68,0.931150917932307,0.31999999999999995
32,2,1.0,10000,5,0.998,0.003550672386750963,0.0020000000000000018
32,5,1.0,10000,5,0.9732,0.08923154263524198,0.026800000000000046
32,10,1.0,10000,5,0.6236,0.9783843430052617,0.37639999999999996
32,2,1.0,10000,6,0.998,0.005185394387596894,0.0020000000000000018
32,5,1.0,10000,6,0.9282,0.23838316303716278,0.07179999999999997
32,10,1.0,10000,6,0.6969,inf,0.30310000000000004
32,2,1.0,10000,7,0.98,0.05350320202658,0.020000000000000018
32,5,1.0,10000,7,0.9134,0.2544110230725297,0.08660000000000001
32,10,1.0,10000,7,0.795,0.6505754359453435,0.20499999999999996
32,2,1.0,10000,8,0.9975,0.004219395366842161,0.0024999999999999467
32,5,1.0,10000,8,0.921,0.21865015926983597,0.07899999999999996
32,10,1.0,10000,8,0.729,inf,0.271
32,2,1.0,10000,9,0.997,0.006130580326332645,0.0030000000000000027
32,5,1.0,10000,9,0.8388,0.46877655220879605,0.1612
32,10,1.0,10000,9,0.6291,inf,0.3709
32,2,100.0,10000,0,0.989,0.0272016624065755,0.01100000000000001
32,5,100.0,10000,0,0.9544,0.1476223726230903,0.045599999999999974
32,10,100.0,10000,0,0.8079,inf,0.19210000000000005
32,2,100.0,10000,1,0.9985,0.004885880455032072,0.0014999999999999458
32,5,100.0,10000,1,0.9606,0.11392313774702374,0.03939999999999999
32,10,100.0,10000,1,0.7608,0.8194336888392821,0.23919999999999997
32,2,100.0,10000,2,0.9955,0.009498822350482975,0.0044999999999999485
32,5,100.0,10000,2,0.93,0.20713463881770713,0.06999999999999995
32,10,100.0,10000,2,0.8116,0.5671457788204054,0.1884
32,2,100.0,10000,3,0.994,0.013570772154192159,0.006000000000000005
32,5,100.0,10000,3,0.9692,0.0986200001706721,0.03080000000000005
32,10,100.0,10000,3,0.8225,0.5161307072602884,0.1775
32,2,100.0,10000,4,0.9995,0.0019044838200281018,0.0004999999999999449
32,5,100.0,10000,4,0.9716,0.09372570907374657,0.02839999999999998
32,10,100.0,10000,4,0.8256,0.5169367134568614,0.1744
32,2,100.0,10000,5,0.999,0.00502770002881752,0.0010000000000000009
32,5,100.0,10000,5,0.9656,0.1086430507724654,0.034399999999999986
32,10,100.0,10000,5,0.8023,0.5624917604437205,0.1977
32,2,100.0,10000,6,0.992,0.020362380374303875,0.008000000000000007
32,5,100.0,10000,6,0.9532,0.1372196660561909,0.04679999999999995
32,10,100.0,10000,6,0.7366,0.7476250465317229,0.26339999999999997
32,2,100.0,10000,7,0.9995,0.0025643094437446325,0.0004999999999999449
32,5,100.0,10000,7,0.9408,0.1793976254627802,0.05920000000000003
32,10,100.0,10000,7,0.7404,inf,0.25960000000000005
32,2,100.0,10000,8,0.9985,0.005347424464005285,0.0014999999999999458
32,5,100.0,10000,8,0.968,0.09720068362390547,0.03200000000000003
32,10,100.0,10000,8,0.7246,inf,0.2754
32,2,100.0,10000,9,0.9985,0.00416986901367148,0.0014999999999999458
32,5,100.0,10000,9,0.9372,0.1777270628519749,0.06279999999999997
32,10,100.0,10000,9,0.7925,0.5855370974976354,0.20750000000000002
64,2,0.01,10000,0,0.9985,0.004713850745164035,0.0014999999999999458
64,5,0.01,10000,0,0.8238,0.42901835139120303,0.17620000000000002
64,10,0.01,10000,0,0.6774,0.9294416744525699,0.3226
64,2,0.01,10000,1,0.9985,0.00401421774724807,0.0014999999999999458
64,5,0.01,10000,1,0.9208,0.2487219997220206,0.07920000000000005
64,10,0.01,10000,1,0.7606,0.672196617364389,0.23939999999999995
64,2,0.01,10000,2,0.9965,0.009280241843064523,0.0034999999999999476
64,5,0.01,10000,2,0.951,0.14397083059832197,0.049000000000000044
64,10,0.01,10000,2,0.6246,1.046899018242702,0.37539999999999996
64,2,0.01,10000,3,0.993,0.014344187813105867,0.007000000000000006
64,5,0.01,10000,3,0.9506,0.1463545568446806,0.0494
64,10,0.01,10000,3,0.6158,1.09708666198314,0.3842
64,2,0.01,10000,4,0.994,0.011840854629085015,0.006000000000000005
64,5,0.01,10000,4,0.9554,0.13194682402373584,0.04459999999999997
64,10,0.01,10000,4,0.6766,1.3084036802481773,0.3234
64,2,0.01,10000,5,0.999,0.002166239991383486,0.0010000000000000009
64,5,0.01,10000,5,0.975,0.0875604844775992,0.025000000000000022
64,10,0.01,10000,5,0.7656,0.6665283710585157,0.23440000000000005
64,2,0.01,10000,6,0.9945,0.01324835441512268,0.005499999999999949
64,5,0.01,10000,6,0.9564,0.12913956908130705,0.04359999999999997
64,10,0.01,10000,6,0.6615,0.9564916417697761,0.3385
64,2,0.01,10000,7,0.9925,0.0202100823486482,0.007499999999999951
64,5,0.01,10000,7,0.9606,0.12344022224627192,0.03939999999999999
64,10,0.01,10000,7,0.756,0.8015030086282594,0.244
64,2,0.01,10000,8,0.9985,0.003450525801342704,0.0014999999999999458
64,5,0.01,10000,8,0.9788,0.07235067978552244,0.021199999999999997
64,10,0.01,10000,8,0.752,0.7529347550833181,0.248
64,2,0.01,10000,9,0.999,0.0016353305058284615,0.0010000000000000009
64,5,0.01,10000,9,0.9552,0.1359877073053547,0.04479999999999995
64,10,0.01,10000,9,0.7382,0.9373748021039803,0.26180000000000003
64,2,1.0,10000,0,0.999,0.004263464620256236,0.0010000000000000009
64,5,1.0,10000,0,0.9738,0.09452192620243821,0.0262
64,10,1.0,10000,0,0.9204,0.24183080835265428,0.0796
64,2,1.0,10000,1,0.9945,0.01253764890508114,0.005499999999999949
64,5,1.0,10000,1,0.9806,0.06261716497630009,0.019399999999999973
64,10,1.0,10000,1,0.9307,0.21241620997884478,0.06930000000000003
64,2,1.0,10000,2,0.9965,0.0048399937464487395,0.0034999999999999476
64,5,1.0,10000,2,0.9616,0.13049568269887132,0.03839999999999999
64,10,1.0,10000,2,0.9084,0.3005916726253707,0.09160000000000001
64,2,1.0,10000,3,0.998,0.006408736558047115,0.0020000000000000018
64,5,1.0,10000,3,0.9768,0.07869152120336995,0.0232
64,10,1.0,10000,3,0.9397,0.21201723410131132,0.06030000000000002
64,2,1.0,10000,4,0.9955,0.009088955873559321,0.0044999999999999485
64,5,1.0,10000,4,0.9768,0.07559806913045156,0.0232
64,10,1.0,10000,4,0.8881,0.31478410043158606,0.1119
64,2,1.0,10000,5,0.994,0.012501897207947973,0.006000000000000005
64,5,1.0,10000,5,0.9618,0.11419458471953339,0.03820000000000001
64,10,1.0,10000,5,0.8248,0.5535034185610662,0.17520000000000002
64,2,1.0,10000,6,0.9995,0.00041851617815541085,0.0004999999999999449
64,5,1.0,10000,6,0.9598,0.11096089040655517,0.040200000000000014
64,10,1.0,10000,6,0.9389,0.20641066541146574,0.06110000000000004
64,2,1.0,10000,7,0.9945,0.012491572201549507,0.005499999999999949
64,5,1.0,10000,7,0.9764,0.07691717106001979,0.023599999999999954
64,10,1.0,10000,7,0.9363,0.20159808199688145,0.06369999999999998
64,2,1.0,10000,8,0.9995,0.001348518821430213,0.0004999999999999449
64,5,1.0,10000,8,0.9744,0.07695988552590664,0.025599999999999956
64,10,1.0,10000,8,0.8544,0.5499449208401495,0.14559999999999995
64,2,1.0,10000,9,1.0,-0.0,0.0
64,5,1.0,10000,9,0.9728,0.08611552119701066,0.027200000000000002
64,10,1.0,10000,9,0.9076,0.2988911850951238,0.09240000000000004
64,2,100.0,10000,0,0.9995,0.0015639922183678513,0.0004999999999999449
64,5,100.0,10000,0,0.9786,0.0676464265389952,0.021399999999999975
64,10,100.0,10000,0,0.9124,0.2794357247128996,0.08760000000000001
64,2,100.0,10000,1,0.9995,0.0006859256761454863,0.0004999999999999449
64,5,100.0,10000,1,0.9736,0.0842480525579361,0.02639999999999998
64,10,100.0,10000,1,0.9307,0.22731795119148232,0.06930000000000003
64,2,100.0,10000,2,0.998,0.004132299014246489,0.0020000000000000018
64,5,100.0,10000,2,0.9778,0.07106177353757392,0.022199999999999998
64,10,100.0,10000,2,0.9173,0.24694740071145332,0.0827
64,2,100.0,10000,3,1.0,-0.0,0.0
64,5,100.0,10000,3,0.9728,0.08515419338372093,0.027200000000000002
64,10,100.0,10000,3,0.948,0.17308693087767596,0.052000000000000046
64,2,100.0,10000,4,0.9995,0.001713905345361321,0.0004999999999999449
64,5,100.0,10000,4,0.9616,0.11150230013367322,0.03839999999999999
64,10,100.0,10000,4,0.9345,0.209174444057072,0.0655
64,2,100.0,10000,5,0.998,0.0029664319948016485,0.0020000000000000018
64,5,100.0,10000,5,0.9746,0.07992010536379009,0.025399999999999978
64,10,100.0,10000,5,0.9412,0.1872845466229354,0.05879999999999996
64,2,100.0,10000,6,0.9965,0.005564856880252298,0.0034999999999999476
64,5,100.0,10000,6,0.963,0.11661631217288254,0.03700000000000003
64,10,100.0,10000,6,0.9219,0.2537936401545067,0.07809999999999995
64,2,100.0,10000,7,0.999,0.003228972062086612,0.0010000000000000009
64,5,100.0,10000,7,0.9752,0.08544926207780866,0.024800000000000044
64,10,100.0,10000,7,0.9214,0.26871850429760985,0.0786
64,2,100.0,10000,8,0.9995,0.0004875841478571539,0.0004999999999999449
64,5,100.0,10000,8,0.9712,0.09251921836780996,0.028800000000000048
64,10,100.0,10000,8,0.9387,0.2057785721612076,0.06130000000000002
64,2,100.0,10000,9,0.9945,0.010221421709229198,0.005499999999999949
64,5,100.0,10000,9,0.9756,0.08084259229013219,0.024399999999999977
64,10,100.0,10000,9,0.9038,0.32154208687484154,0.09619999999999995
100,2,0.01,10000,0,0.9975,0.005871257625735689,0.0024999999999999467
100,5,0.01,10000,0,0.9762,0.07808862649166706,0.023800000000000043
100,10,0.01,10000,0,0.938,0.20000958372365907,0.062000000000000055
100,2,0.01,10000,1,0.9965,0.008629578998358558,0.0034999999999999476
100,5,0.01,10000,1,0.9764,0.07105526006819322,0.023599999999999954
100,10,0.01,10000,1,0.8162,0.5621215930243479,0.18379999999999996
100,2,0.01,10000,2,0.994,0.015911928348916686,0.006000000000000005
100,5,0.01,10000,2,0.9676,0.09722778314662796,0.032399999999999984
100,10,0.01,10000,2,0.8768,0.3758039706374862,0.12319999999999998
100,2,0.01,10000,3,0.997,0.00435480826572373,0.0030000000000000027
100,5,0.01,10000,3,0.9304,0.2034296564451901,0.0696
100,10,0.01,10000,3,0.8385,0.4388615263822585,0.16149999999999998
100,2,0.01,10000,4,0.998,0.00588506455942035,0.0020000000000000018
100,5,0.01,10000,4,0.9662,0.11267667606340896,0.03380000000000005
100,10,0.01,10000,4,0.929,0.2232907745774215,0.07099999999999995
100,2,0.01,10000,5,0.9985,0.002048714990714223,0.0014999999999999458
100,5,0.01,10000,5,0.9762,0.07344632495261552,0.023800000000000043
100,10,0.01,10000,5,0.8862,0.35593333355738405,0.11380000000000001
100,2,0.01,10000,6,0.997,0.008484566552594193,0.0030000000000000027
100,5,0.01,10000,6,0.9654,0.10381537630275929,0.034599999999999964
100,10,0.01,10000,6,0.8279,0.5351008049951952,0.17210000000000003
100,2,0.01,10000,7,0.999,0.004183748766527969,0.0010000000000000009
100,5,0.01,10000,7,0.9744,0.07115586487087626,0.025599999999999956
100,10,0.01,10000,7,0.9172,0.25210115990369364,0.08279999999999998
100,2,0.01,10000,8,0.9995,0.0009875939163894126,0.0004999999999999449
100,5,0.01,10000,8,0.975,0.07611870294642956,0.025000000000000022
100,10,0.01,10000,8,0.8435,0.47097465803602045,0.15649999999999997
100,2,0.01,10000,9,0.9975,0.004211110945398815,0.0024999999999999467
100,5,0.01,10000,9,0.9744,0.08264435245711833,0.025599999999999956
100,10,0.01,10000,9,0.8454,0.3991870378955174,0.15459999999999996
100,2,1.0,10000,0,0.9995,0.0007473038786997503,0.0004999999999999449
100,5,1.0,10000,0,0.9752,0.07499401303809848,0.024800000000000044
100,10,1.0,10000,0,0.9578,0.14642320554478278,0.042200000000000015
100,2,1.0,10000,1,0.999,0.002193120704011164,0.0010000000000000009
100,5,1.0,10000,1,0.974,0.08718588088103678,0.026000000000000023
100,10,1.0,10000,1,0.9554,0.15226504150445827,0.04459999999999997
100,2,1.0,10000,2,0.999,0.0016510498231013277,0.0010000000000000009
100,5,1.0,10000,2,0.9818,0.0648063967183989,0.018199999999999994
100,10,1.0,10000,2,0.9439,0.17614825173475146,0.05610000000000004
100,2,1.0,10000,3,1.0,-0.0,0.0
100,5,1.0,10000,3,0.9798,0.06339653570802717,0.020199999999999996
100,10,1.0,10000,3,0.9497,0.16977309991728712,0.05030000000000001
100,2,1.0,10000,4,0.9995,0.0004831578000716047,0.0004999999999999449
100,5,1.0,10000,4,0.968,0.10119314884263729,0.03200000000000003
100,10,1.0,10000,4,0.948,0.17481345744533114,0.052000000000000046
100,2,1.0,10000,5,0.9995,0.0014966844760932515,0.0004999999999999449
100,5,1.0,10000,5,0.9814,0.06060654245141965,0.01859999999999995
100,10,1.0,10000,5,0.952,0.1644657917448103,0.04800000000000004
100,2,1.0,10000,6,1.0,-0.0,0.0
100,5,1.0,10000,6,0.9744,0.08865687339419519,0.025599999999999956
100,10,1.0,10000,6,0.9483,0.16809964714913087,0.05169999999999997
100,2,1.0,10000,7,0.9995,0.001740389034851458,0.0004999999999999449
100,5,1.0,10000,7,0.982,0.05781897840471664,0.018000000000000016
100,10,1.0,10000,7,0.9494,0.17043132160890664,0.05059999999999998
100,2,1.0,10000,8,0.9995,0.0014424698513238574,0.0004999999999999449
100,5,1.0,10000,8,0.976,0.07792480237542573,0.02400000000000002
100,10,1.0,10000,8,0.9395,0.18831695624871167,0.0605
100,2,1.0,10000,9,1.0,-0.0,0.0
100,5,1.0,10000,9,0.982,0.0588797674350379,0.018000000000000016
100,10,1.0,10000,9,0.9203,0.2552218870722922,0.0797
100,2,100.0,10000,0,0.995,0.010917374763122783,0.0050000000000000044
100,5,100.0,10000,0,0.9752,0.07253949812309872,0.024800000000000044
100,10,100.0,10000,0,0.9544,0.15155657549134482,0.045599999999999974
100,2,100.0,10000,1,0.9995,0.001179690572043735,0.0004999999999999449
100,5,100.0,10000,1,0.9792,0.06668401122513927,0.02080000000000004
100,10,100.0,10000,1,0.9433,0.1844034726280168,0.05669999999999997
100,2,100.0,10000,2,0.9985,0.004939624003100162,0.0014999999999999458
100,5,100.0,10000,2,0.9768,0.07588942038354986,0.0232
100,10,100.0,10000,2,0.9388,0.19856898565958428,0.06120000000000003
100,2,100.0,10000,3,1.0,-0.0,0.0
100,5,100.0,10000,3,0.9822,0.056479742500885416,0.017800000000000038
100,10,100.0,10000,3,0.9535,0.14994090526864978,0.046499999999999986
100,2,100.0,10000,4,0.9995,0.0010585031589540584,0.0004999999999999449
100,5,100.0,10000,4,0.9784,0.07218645754073039,0.021599999999999953
100,10,100.0,10000,4,0.9275,0.22825638716456975,0.07250000000000001
100,2,100.0,10000,5,0.999,0.0013198015128932314,0.0010000000000000009
100,5,100.0,10000,5,0.9822,0.05977665738043408,0.017800000000000038
100,10,100.0,10000,5,0.9467,0.1768205784265616,0.053300000000000014
100,2,100.0,10000,6,0.9985,0.0017492418909184884,0.0014999999999999458
100,5,100.0,10000,6,0.9736,0.08096467321953692,0.02639999999999998
100,10,100.0,10000,6,0.9547,0.1481905923586715,0.04530000000000001
100,2,100.0,10000,7,0.999,0.002044835159677688,0.0010000000000000009
100,5,100.0,10000,7,0.9778,0.07381237207765617,0.022199999999999998
100,10,100.0,10000,7,0.9526,0.15627184523082321,0.0474
100,2,100.0,10000,8,0.9985,0.002293531991309116,0.0014999999999999458
100,5,100.0,10000,8,0.976,0.08080343653598228,0.02400000000000002
100,10,100.0,10000,8,0.9446,0.1843324321012543,0.055400000000000005
100,2,100.0,10000,9,0.9995,0.0005150619866119737,0.0004999999999999449
100,5,100.0,10000,9,0.982,0.062241808083810704,0.018000000000000016
100,10,100.0,10000,9,0.9501,0.1637280850277653,0.049900000000000055
500,2,0.01,10000,0,1.0,-0.0,0.0
500,5,0.01,10000,0,0.9812,0.05596095466613358,0.01880000000000004
500,10,0.01,10000,0,0.9659,0.10876480189570595,0.03410000000000002
500,2,0.01,10000,1,1.0,-0.0,0.0
500,5,0.01,10000,1,0.9826,0.05410755918568652,0.01739999999999997
500,10,0.01,10000,1,0.968,0.10683713155857923,0.03200000000000003
500,2,0.01,10000,2,1.0,-0.0,0.0
500,5,0.01,10000,2,0.9828,0.05589979576496689,0.017199999999999993
500,10,0.01,10000,2,0.9665,0.10774637777863157,0.033499999999999974
500,2,0.01,10000,3,0.9995,0.0007041270440244506,0.0004999999999999449
500,5,0.01,10000,3,0.9822,0.05731586938180976,0.017800000000000038
500,10,0.01,10000,3,0.9665,0.10285357944408723,0.033499999999999974
500,2,0.01,10000,4,0.9995,0.00226951195644134,0.0004999999999999449
500,5,0.01,10000,4,0.9832,0.051302760265492825,0.016800000000000037
500,10,0.01,10000,4,0.9643,0.11130493562858153,0.035699999999999954
500,2,0.01,10000,5,1.0,-0.0,0.0
500,5,0.01,10000,5,0.9828,0.05798839944637026,0.017199999999999993
500,10,0.01,10000,5,0.9667,0.10580772980649976,0.033299999999999996
500,2,0.01,10000,6,0.9995,0.0010976257205958478,0.0004999999999999449
500,5,0.01,10000,6,0.9842,0.050171702174060716,0.015800000000000036
500,10,0.01,10000,6,0.9674,0.10080834969104482,0.03259999999999996
500,2,0.01,10000,7,1.0,-0.0,0.0
500,5,0.01,10000,7,0.9828,0.05324485674653515,0.017199999999999993
500,10,0.01,10000,7,0.9673,0.10718427339064887,0.03269999999999995
500,2,0.01,10000,8,1.0,-0.0,0.0
500,5,0.01,10000,8,0.9834,0.05300590661961646,0.016599999999999948
500,10,0.01,10000,8,0.9655,0.11467286839392893,0.034499999999999975
500,2,0.01,10000,9,0.9995,0.000786324685826368,0.0004999999999999449
500,5,0.01,10000,9,0.9838,0.053716290230890945,0.016199999999999992
500,10,0.01,10000,9,0.9628,0.12075988765234792,0.03720000000000001
500,2,1.0,10000,0,1.0,-0.0,0.0
500,5,1.0,10000,0,0.9838,0.05010563208504497,0.016199999999999992
500,10,1.0,10000,0,0.9671,0.09855293485957084,0.03290000000000004
500,2,1.0,10000,1,0.9995,0.001331780821711119,0.0004999999999999449
500,5,1.0,10000,1,0.9834,0.05221793543143872,0.016599999999999948
500,10,1.0,10000,1,0.9667,0.10490406240361205,0.033299999999999996
500,2,1.0,10000,2,0.9995,0.0006805652077367982,0.0004999999999999449
500,5,1.0,10000,2,0.9866,0.050812124063633966,0.013399999999999967
500,10,1.0,10000,2,0.9666,0.10554092950414515,0.033399999999999985
500,2,1.0,10000,3,0.9995,0.00046216074725575476,0.0004999999999999449
500,5,1.0,10000,3,0.9834,0.04894166751110804,0.016599999999999948
500,10,1.0,10000,3,0.9675,0.10502354948311433,0.03249999999999997
500,2,1.0,10000,4,0.9995,0.00034712820160616285,0.0004999999999999449
500,5,1.0,10000,4,0.9844,0.04833608202655775,0.015599999999999947
500,10,1.0,10000,4,0.967,0.10557684263385181,0.03300000000000003
500,2,1.0,10000,5,1.0,-0.0,0.0
500,5,1.0,10000,5,0.983,0.054259828399740695,0.017000000000000015
500,10,1.0,10000,5,0.9692,0.10121460717864843,0.03080000000000005
500,2,1.0,10000,6,0.9995,0.0011407343447942656,0.0004999999999999449
500,5,1.0,10000,6,0.9832,0.05321795539380562,0.016800000000000037
500,10,1.0,10000,6,0.9659,0.10594448767159506,0.03410000000000002
500,2,1.0,10000,7,0.9995,0.000695905843900714,0.0004999999999999449
500,5,1.0,10000,7,0.9856,0.04998171821274151,0.014399999999999968
500,10,1.0,10000,7,0.9675,0.1068094296017914,0.03249999999999997
500,2,1.0,10000,8,0.9995,0.0006236001567868657,0.0004999999999999449
500,5,1.0,10000,8,0.9846,0.048641201081968156,0.01539999999999997
500,10,1.0,10000,8,0.9705,0.10502379135637437,0.02949999999999997
500,2,1.0,10000,9,0.9995,0.000444658993442691,0.0004999999999999449
500,5,1.0,10000,9,0.9852,0.0475521639367234,0.014800000000000035
500,10,1.0,10000,9,0.9696,0.09781547238965457,0.030399999999999983
500,2,100.0,10000,0,1.0,-0.0,0.0
500,5,100.0,10000,0,0.985,0.0526458083384709,0.015000000000000013
500,10,100.0,10000,0,0.9667,0.10552241619623369,0.033299999999999996
500,2,100.0,10000,1,0.9995,0.0008759157991540083,0.0004999999999999449
500,5,100.0,10000,1,0.9828,0.05290668237194578,0.017199999999999993
500,10,100.0,10000,1,0.9656,0.10769809936854285,0.034399999999999986
500,2,100.0,10000,2,0.9995,0.00041696877967115434,0.0004999999999999449
500,5,100.0,10000,2,0.9856,0.04946964113380411,0.014399999999999968
500,10,100.0,10000,2,0.9682,0.1039643409619389,0.03180000000000005
500,2,100.0,10000,3,0.9995,0.0006139408536392047,0.0004999999999999449
500,5,100.0,10000,3,0.9848,0.053125440943136655,0.015199999999999991
500,10,100.0,10000,3,0.9686,0.10213699186026923,0.031399999999999983
500,2,100.0,10000,4,0.9995,0.0005689737179742194,0.0004999999999999449
500,5,100.0,10000,4,0.9844,0.04687294925359697,0.015599999999999947
500,10,100.0,10000,4,0.9684,0.10834142036150776,0.03159999999999996
500,2,100.0,10000,5,1.0,-0.0,0.0
500,5,100.0,10000,5,0.9824,0.055626779518953284,0.01759999999999995
500,10,100.0,10000,5,0.9702,0.09492490368994914,0.02980000000000005
500,2,100.0,10000,6,0.9995,0.0014998630968512915,0.0004999999999999449
500,5,100.0,10000,6,0.9824,0.05611201156386696,0.01759999999999995
500,10,100.0,10000,6,0.9675,0.11096360696833697,0.03249999999999997
500,2,100.0,10000,7,0.9995,0.00040136981981531345,0.0004999999999999449
500,5,100.0,10000,7,0.9838,0.05024002243586893,0.016199999999999992
500,10,100.0,10000,7,0.9663,0.11258398645700858,0.03369999999999995
500,2,100.0,10000,8,0.9995,0.0012246028523023227,0.0004999999999999449
500,5,100.0,10000,8,0.9836,0.04966968048072238,0.01639999999999997
500,10,100.0,10000,8,0.9718,0.09609241732021247,0.028200000000000003
500,2,100.0,10000,9,0.9995,0.0004151082395962196,0.0004999999999999449
500,5,100.0,10000,9,0.9852,0.04517408583566,0.014800000000000035
500,10,100.0,10000,9,0.9642,0.11634011099122982,0.035800000000000054
1000,2,0.01,10000,0,1.0,-0.0,0.0
1000,5,0.01,10000,0,0.985,0.04960796762755639,0.015000000000000013
1000,10,0.01,10000,0,0.9698,0.09714205504378981,0.030200000000000005
1000,2,0.01,10000,1,1.0,-0.0,0.0
1000,5,0.01,10000,1,0.9854,0.04595082055591016,0.014599999999999946
1000,10,0.01,10000,1,0.971,0.09216356621765955,0.029000000000000026
1000,2,0.01,10000,2,1.0,-0.0,0.0
1000,5,0.01,10000,2,0.9858,0.04961550090496348,0.01419999999999999
1000,10,0.01,10000,2,0.9704,0.0919602867255904,0.02959999999999996
1000,2,0.01,10000,3,1.0,-0.0,0.0
1000,5,0.01,10000,3,0.9834,0.050071418047959795,0.016599999999999948
1000,10,0.01,10000,3,0.9679,0.0977018886400854,0.03210000000000002
1000,2,0.01,10000,4,1.0,-0.0,0.0
1000,5,0.01,10000,4,0.984,0.04913670314214848,0.016000000000000014
1000,10,0.01,10000,4,0.9693,0.09550793924487798,0.03069999999999995
1000,2,0.01,10000,5,1.0,-0.0,0.0
1000,5,0.01,10000,5,0.9846,0.05089169978700732,0.01539999999999997
1000,10,0.01,10000,5,0.9706,0.0905419609461031,0.02939999999999998
1000,2,0.01,10000,6,1.0,-0.0,0.0
1000,5,0.01,10000,6,0.9848,0.04862793681232484,0.015199999999999991
1000,10,0.01,10000,6,0.969,0.0983052713485946,0.031000000000000028
1000,2,0.01,10000,7,1.0,-0.0,0.0
1000,5,0.01,10000,7,0.9848,0.05054459579036585,0.015199999999999991
1000,10,0.01,10000,7,0.9703,0.09281314607482889,0.02969999999999995
1000,2,0.01,10000,8,1.0,-0.0,0.0
1000,5,0.01,10000,8,0.9854,0.04820000250844182,0.014599999999999946
1000,10,0.01,10000,8,0.9695,0.09555413430940746,0.03049999999999997
1000,2,0.01,10000,9,1.0,-0.0,0.0
1000,5,0.01,10000,9,0.9826,0.04955674846343628,0.01739999999999997
1000,10,0.01,10000,9,0.9721,0.09079873968501,0.027900000000000036
1000,2,1.0,10000,0,0.9995,0.0003586633501694362,0.0004999999999999449
1000,5,1.0,10000,0,0.9834,0.05347259957039203,0.016599999999999948
1000,10,1.0,10000,0,0.9706,0.09399855818241924,0.02939999999999998
1000,2,1.0,10000,1,1.0,-0.0,0.0
1000,5,1.0,10000,1,0.986,0.04633879172929717,0.014000000000000012
1000,10,1.0,10000,1,0.9703,0.09301116775263006,0.02969999999999995
1000,2,1.0,10000,2,0.9995,0.0007295765401493403,0.0004999999999999449
1000,5,1.0,10000,2,0.9882,0.04115221079510035,0.011800000000000033
1000,10,1.0,10000,2,0.9722,0.09336297418744602,0.027800000000000047
1000,2,1.0,10000,3,1.0,-0.0,0.0
1000,5,1.0,10000,3,0.9862,0.047790124004042686,0.013800000000000034
1000,10,1.0,10000,3,0.971,0.09379056793459759,0.029000000000000026
1000,2,1.0,10000,4,0.9995,0.0006565704685836418,0.0004999999999999449
1000,5,1.0,10000,4,0.9858,0.04372333985589059,0.01419999999999999
1000,10,1.0,10000,4,0.9696,0.0951655996605172,0.030399999999999983
1000,2,1.0,10000,5,0.9995,0.0005766315235928676,0.0004999999999999449
1000,5,1.0,10000,5,0.9868,0.044164340555011644,0.01319999999999999
1000,10,1.0,10000,5,0.9703,0.09683869850899719,0.02969999999999995
1000,2,1.0,10000,6,0.9995,0.0011224735095643026,0.0004999999999999449
1000,5,1.0,10000,6,0.9856,0.04859361438102119,0.014399999999999968
1000,10,1.0,10000,6,0.9697,0.09498524255347815,0.030299999999999994
1000,2,1.0,10000,7,1.0,-0.0,0.0
1000,5,1.0,10000,7,0.9876,0.04370941045077098,0.012399999999999967
1000,10,1.0,10000,7,0.9688,0.09854614880750794,0.031200000000000006
1000,2,1.0,10000,8,0.9995,0.0011486151422006687,0.0004999999999999449
1000,5,1.0,10000,8,0.9834,0.052632082457008324,0.016599999999999948
1000,10,1.0,10000,8,0.972,0.08951259203364696,0.028000000000000025
1000,2,1.0,10000,9,1.0,-0.0,0.0
1000,5,1.0,10000,9,0.986,0.045931024948289954,0.014000000000000012
1000,10,1.0,10000,9,0.9685,0.10244388573019755,0.03149999999999997
1000,2,100.0,10000,0,0.9995,0.0009352471901984871,0.0004999999999999449
1000,5,100.0,10000,0,0.9854,0.04860427661258025,0.014599999999999946
1000,10,100.0,10000,0,0.9715,0.09351078145343918,0.02849999999999997
1000,2,100.0,10000,1,0.9995,0.000964099315110149,0.0004999999999999449
1000,5,100.0,10000,1,0.9844,0.05026702281244225,0.015599999999999947
1000,10,100.0,10000,1,0.97,0.09423876354166406,0.030000000000000027
1000,2,100.0,10000,2,1.0,-0.0,0.0
1000,5,100.0,10000,2,0.9854,0.049502561743949444,0.014599999999999946
1000,10,100.0,10000,2,0.9698,0.09865951715282945,0.030200000000000005
1000,2,100.0,10000,3,0.9995,0.0007233203861860368,0.0004999999999999449
1000,5,100.0,10000,3,0.986,0.04656486032588364,0.014000000000000012
1000,10,100.0,10000,3,0.9702,0.09839626918642468,0.02980000000000005
1000,2,100.0,10000,4,0.9995,0.0005256416658256505,0.0004999999999999449
1000,5,100.0,10000,4,0.9856,0.048579279588419406,0.014399999999999968
1000,10,100.0,10000,4,0.9706,0.1016896740802936,0.02939999999999998
1000,2,100.0,10000,5,0.9995,0.0004736560016001181,0.0004999999999999449
1000,5,100.0,10000,5,0.9864,0.044454097613770775,0.013599999999999945
1000,10,100.0,10000,5,0.9706,0.10015760939365552,0.02939999999999998
1000,2,100.0,10000,6,0.9995,0.000739031827168912,0.0004999999999999449
1000,5,100.0,10000,6,0.9836,0.05341305411018837,0.01639999999999997
1000,10,100.0,10000,6,0.9705,0.09336099482113297,0.02949999999999997
1000,2,100.0,10000,7,0.9995,0.0012044557824939404,0.0004999999999999449
1000,5,100.0,10000,7,0.985,0.047158395631874836,0.015000000000000013
1000,10,100.0,10000,7,0.9703,0.09306316759969387,0.02969999999999995
1000,2,100.0,10000,8,1.0,-0.0,0.0
1000,5,100.0,10000,8,0.9844,0.05291554817157981,0.015599999999999947
1000,10,100.0,10000,8,0.971,0.0952053965797406,0.029000000000000026
1000,2,100.0,10000,9,1.0,-0.0,0.0
1000,5,100.0,10000,9,0.9864,0.04673829071060295,0.013599999999999945
1000,10,100.0,10000,9,0.9693,0.10088911864639176,0.03069999999999995
5000,2,0.01,10000,0,0.9995,0.00048775233054382337,0.0004999999999999449
5000,5,0.01,10000,0,0.9878,0.042787703615336826,0.012199999999999989
5000,10,0.01,10000,0,0.9738,0.08067336620926802,0.0262
5000,2,0.01,10000,1,0.9995,0.0003534379424782227,0.0004999999999999449
5000,5,0.01,10000,1,0.9868,0.043255229618053295,0.01319999999999999
5000,10,0.01,10000,1,0.9738,0.08123198401831229,0.0262
5000,2,0.01,10000,2,1.0,-0.0,0.0
5000,5,0.01,10000,2,0.9866,0.04275801193360679,0.013399999999999967
5000,10,0.01,10000,2,0.9736,0.07988921006593595,0.02639999999999998
10000,2,0.01,10000,0,0.9995,0.0004846677506330196,0.0004999999999999449
10000,5,0.01,10000,0,0.9882,0.04055538689869972,0.011800000000000033
10000,10,0.01,10000,0,0.9751,0.07720601586196932,0.024900000000000033
10000,2,0.01,10000,1,0.9995,0.00048466775874956056,0.0004999999999999449
10000,5,0.01,10000,1,0.988,0.039937483846466386,0.01200000000000001
10000,10,0.01,10000,1,0.9758,0.0751635044304302,0.0242
10000,2,0.01,10000,2,0.9995,0.0004846677531930136,0.0004999999999999449
10000,5,0.01,10000,2,0.9892,0.040267744192324255,0.010800000000000032
10000,10,0.01,10000,2,0.9747,0.0782800579435537,0.02529999999999999
50000,2,0.01,10000,0,0.9995,0.00048466776210581784,0.0004999999999999449
50000,5,0.01,10000,0,0.9892,0.03724816247472101,0.010800000000000032
50000,10,0.01,10000,0,0.9793,0.06576656723462973,0.02070000000000005
50000,2,0.01,10000,1,0.9995,0.0004846677479068661,0.0004999999999999449
50000,5,0.01,10000,1,0.9892,0.03724919968227992,0.010800000000000032
50000,10,0.01,10000,1,0.9793,0.06576620812438086,0.02070000000000005
50000,2,0.01,10000,2,0.9995,0.0004846677586462744,0.0004999999999999449
50000,5,0.01,10000,2,0.9892,0.03726481122190224,0.010800000000000032
50000,10,0.01,10000,2,0.9793,0.06576473269658649,0.02070000000000005
